company_name,batch,short_description,founder_name,founder_linkedin_url
CircuitHub,Winter 2012,On-Demand Electronics Manufacturing,Andrew Seddon,https://www.linkedin.com/in/seddonandrew/
iCracked,Winter 2012,On-demand smartphone repair in 3 countries and launching smart home…,Tony Martin,https://linkedin.com/in/anthonyjohnmartin
42Floors,Winter 2012,We make it easy to search for office space.,Jason Freedman,https://www.linkedin.com/in/jasonfreedman/
42Floors,Winter 2012,We make it easy to search for office space.,James Bracy,https://www.linkedin.com/in/waratuman/
42Floors,Winter 2012,We make it easy to search for office space.,Jonathan Bracy,https://www.linkedin.com/in/jonbracy/
PlanGrid,Winter 2012,Mobile applications for the construction industry.,Tracy Young,https://www.linkedin.com/in/tracy-young-0a17441
PlanGrid,Winter 2012,Mobile applications for the construction industry.,Ralph Gootee,https://www.linkedin.com/in/ralphleon/
PlanGrid,Winter 2012,Mobile applications for the construction industry.,Ryan Sutton-Gee,https://www.linkedin.com/in/rsuttong
WireOver,Winter 2012,Really secure file sending for big files.,Amit Bansil,https://www.linkedin.com/in/amitbansil/
The Muse,Winter 2012,The Muse is values-based job search & hiring for 7M+ monthly,Kathryn Minshew,https://www.linkedin.com/in/kathryn-minshew/
The Muse,Winter 2012,The Muse is values-based job search & hiring for 7M+ monthly,Alex Cavoulacos,https://www.linkedin.com/in/acavoulacos/
SendHub,Winter 2012,Simple Business SMS. SMBs to Large Enterprise.,,
Hipmob,Winter 2012,Customer communication for iOS and Android developers - an in-app…,Olufemi Omojola,https://www.linkedin.com/in/kalvin
MyVR,Winter 2012,The open platform for the vacation rental industry.,Jonathan Murray,https://www.linkedin.com/in/jonmurray/
MyVR,Winter 2012,The open platform for the vacation rental industry.,Markus Nordvik,https://www.linkedin.com/in/mnordvik/
MyVR,Winter 2012,The open platform for the vacation rental industry.,Mike Stachowiak,https://www.linkedin.com/in/mstachowiak/
HireArt,Winter 2012,Gives businesses everything needed to hire & manage W2 contractors.,Nicholas Sedlet,https://www.linkedin.com/in/nick-sedlet
Amiato,Winter 2012,The BI bridge for unstructured data. We automatically bridge the gap…,,
Medigram,Winter 2012,"We are making a HIPAA-compliant, Groupme app for doctors to…",Yuhao Ding,https://www.linkedin.com/in/yuhaoding
Couple,Winter 2012,"App that connects two phones and creates a private
timeline to share…",Oleg Kostour,https://www.linkedin.com/in/olegkostour/
Couple,Winter 2012,"App that connects two phones and creates a private
timeline to share…",Anton Krutiansky,https://www.linkedin.com/in/antonkrutiansky
Couple,Winter 2012,"App that connects two phones and creates a private
timeline to share…",Michael Petrov,https://www.linkedin.com/in/petrovmichael/
Couple,Winter 2012,"App that connects two phones and creates a private
timeline to share…",Aswinkumar Rajendiran,https://www.linkedin.com/in/aswinrajendiran/
HackPad,Winter 2012,A realtime wiki for getting things done.,Igor Kofman,https://www.linkedin.com/in/ikofman/
Rescale,Winter 2012,High Performance Computing Built for the Cloud,Joris Poort,https://www.linkedin.com/in/gpoort/
Rescale,Winter 2012,High Performance Computing Built for the Cloud,Adam McKenzie,https://www.linkedin.com/in/adammckenzie
SlidePay,Winter 2012,Banking and Payment Platform APIs. Exited October 2014.,Charlie Pinto,https://www.linkedin.com/in/charlespinto
SlidePay,Winter 2012,Banking and Payment Platform APIs. Exited October 2014.,Christopher Morton,https://linkedin.com/in/mortonch
SlidePay,Winter 2012,Banking and Payment Platform APIs. Exited October 2014.,Joel Christner,https://www.linkedin.com/in/joelchristner/
Tap to Learn,Winter 2012,Games For Education,Roby Thomas John,https://www.linkedin.com/in/robytj/
Tap to Learn,Winter 2012,Games For Education,Avinash Pandey,https://www.linkedin.com/in/avinash-pandey/
Tap to Learn,Winter 2012,Games For Education,Sreejit Jayanthan,https://www.linkedin.com/in/sreejitj/
Tap to Learn,Winter 2012,Games For Education,Aamir Poonawalla,https://www.linkedin.com/in/aamir-p-a3575318/
Optilly/Installmonetizer,Winter 2012,Fb ad optimization platform ,Vince Mundy,https://www.linkedin.com/in/vince-mundy-963b526
Optilly/Installmonetizer,Winter 2012,Fb ad optimization platform ,Lloyd Jacob,https://linkedin.com/in/lloydjacob
BookSolid,Winter 2012,BookSolid is the opentable for tour operators.,Travis Kiefer,https://www.linkedin.com/in/kieftrav/
Gusto,Winter 2012,Provides growing businesses with everything to take care of their team,Josh Reeves,https://www.linkedin.com/in/joshuareeves/
Gusto,Winter 2012,Provides growing businesses with everything to take care of their team,Edward Kim,https://www.linkedin.com/in/edawerd/
Gusto,Winter 2012,Provides growing businesses with everything to take care of their team,Tomer London,https://www.linkedin.com/in/tomerlondon/
FamilyLeaf,Winter 2012,Help families stay in touch,Ajay Mehta,https://www.linkedin.com/in/ajayumehta
FamilyLeaf,Winter 2012,Help families stay in touch,Brandon Paton,https://www.linkedin.com/in/bpaton
FamilyLeaf,Winter 2012,Help families stay in touch,Wesley Zhao,https://www.linkedin.com/in/wesleyzhao
FamilyLeaf,Winter 2012,Help families stay in touch,Henry Liu,https://linkedin.com/in/liuhenry/
Marft,Winter 2012,Marft creates embeddable machine learning models for application…,,
Minefold,Winter 2012,Simple multiplayer game servers.,Dave Newman,https://www.linkedin.com/in/david-newman-3938522
Zipio,Winter 2012,Deal search service,Sanjay Mavinkurve,https://www.linkedin.com/in/smavinkurve/
Zipio,Winter 2012,Deal search service,Vijay Boyapati,https://www.linkedin.com/in/vijayboyapati
Chute,Winter 2012,Discover the photos and videos people are taking of your brand or…,Ranvir Gujral,https://www.linkedin.com/in/ranvir/
Chute,Winter 2012,Discover the photos and videos people are taking of your brand or…,Gaurav Sharma,https://www.linkedin.com/in/gauravsh/
Matterport,Winter 2012,Turn physical objects and environments into 3D models in seconds.,David Gausebeck,https://www.linkedin.com/in/david-gausebeck-ab23015
Shoptiques,Winter 2012,Shoptiques.com lets you shop the world's best local boutiques online.,Olga Vidisheva,https://www.linkedin.com/in/olga-vidisheva/
Shoptiques,Winter 2012,Shoptiques.com lets you shop the world's best local boutiques online.,Peter Delahunty,https://www.linkedin.com/in/peterdelahunty/
Shoptiques,Winter 2012,Shoptiques.com lets you shop the world's best local boutiques online.,Dan Morin,https://www.linkedin.com/in/danielmorin
Shoptiques,Winter 2012,Shoptiques.com lets you shop the world's best local boutiques online.,Jeff Morin,https://www.linkedin.com/in/jeffmorin
CleverDeck,Winter 2012,Collaborate with an artist to commission original artwork you'll live…,,
Make School,Winter 2012,Make School is redesigning college for the 21st century. Students…,Ashutosh Desai,https://www.linkedin.com/in/desaiashu
Pixelapse,Winter 2012,Github for designers. We automatically keep track of revisions of…,Min Ming Lo,http://linkedin.com/in/lominming
Screenleap,Winter 2012,One-click screen sharing with installation-free viewing on all devices,Lawrence Gentilello,https://www.linkedin.com/in/gentilello
Talkray (TiKL),Winter 2012,Instantly talk or text to one or a group of friends at once with the…,,
Zillabyte,Winter 2012,Palantir for sales people,Peter Harrington,https://www.linkedin.com/in/pbharrin/
Zillabyte,Winter 2012,Palantir for sales people,Tyler Neylon,https://www.linkedin.com/in/tyler-neylon/
Exec,Winter 2012,Exec is a house cleaning service that users can book from their…,Justin Kan,https://www.linkedin.com/in/justinkan
Exec,Winter 2012,Exec is a house cleaning service that users can book from their…,Amir Ghazvinian,https://www.linkedin.com/in/amirghazvinian/
Exec,Winter 2012,Exec is a house cleaning service that users can book from their…,Daniel Kan,https://www.linkedin.com/in/danielkan
Grouper,Winter 2012,We set up drinks between 2 groups of friends: 3 guys and 3 girls.,Michael Waxman,https://www.linkedin.com/in/michaelewaxman/
Amplitude,Winter 2012,Digital Analytics Platform,Spenser Skates,https://www.linkedin.com/in/spenserskates
Amplitude,Winter 2012,Digital Analytics Platform,Curtis Liu,https://www.linkedin.com/in/jerry-klingenberger-15027791
LendUp,Winter 2012,LendUp is a socially responsible company on a mission to redefine…,Sasha Orloff,https://www.linkedin.com/in/sashaorloff/
LendUp,Winter 2012,LendUp is a socially responsible company on a mission to redefine…,Jacob Rosenberg,https://www.linkedin.com/in/jakerosenberg/
Tilt,Winter 2012,"Mobile crowdfunding: The easiest way to collect, fundraise, and sell…",James Beshara,https://www.linkedin.com/in/jjbeshara/
Tilt,Winter 2012,"Mobile crowdfunding: The easiest way to collect, fundraise, and sell…",Khaled Hussein,https://www.linkedin.com/in/dsogkhaled/
Brace,Winter 2012,Backlift allows front-end only developers to build entire websites…,,
Swiftype,Winter 2012,Smart search for the modern team.,Quin Hoxie,https://www.linkedin.com/in/qhoxie
LVL6,Winter 2012,We make mobile MMOs. ,Alex Lin,https://www.linkedin.com/in/alin4
BarSense,Winter 2012,Kid's first smartphone with web-based parental controls.,Martin Drashkov,https://www.linkedin.com/in/martindrashkov
FarmLogs,Winter 2012,Software that helps farmers operate more profitable businesses.,Brad Koch,https://www.linkedin.com/in/brad-koch-05482540/
99dresses,Winter 2012,We're creating every women's fantasy by combining the unwanted…,Nicole Durkin,https://www.linkedin.com/in/nikkidurkin
99dresses,Winter 2012,We're creating every women's fantasy by combining the unwanted…,Peter Delahunty,https://www.linkedin.com/in/peterdelahunty/
Authy,Winter 2012,Authy is a Two-Factor Authentication platform for developers,Daniel Palacio,https://www.linkedin.com/in/danielpalacio
Authy,Winter 2012,Authy is a Two-Factor Authentication platform for developers,Gleb Chuvpilo,http://www.linkedin.com/in/chuvpilo
Flutter,Winter 2012,Flutter combined computer vision technology with the built-in webcams…,Navneet Dalal,https://www.linkedin.com/in/ndalal
Flutter,Winter 2012,Flutter combined computer vision technology with the built-in webcams…,Mehul Nariyawala,https://www.linkedin.com/in/mehulnariyawala/
Fond,Winter 2012,Rewards and recognition SaaS for HR leaders,Taro Fukuyama,https://www.linkedin.com/in/tarof/
Fond,Winter 2012,Rewards and recognition SaaS for HR leaders,Sunny Tsang,https://www.linkedin.com/in/sunnyxtsang/
Per Vices,Winter 2012,Building Mission Critical Software Defined Radio products.,,
Loom,Winter 2012,Cloud storage for photos and videos (acquired by Dropbox). ,Jan Senderek,https://www.linkedin.com/in/jansenderek
Loom,Winter 2012,Cloud storage for photos and videos (acquired by Dropbox). ,Daniel Wagner,https://www.linkedin.com/in/danieltwagner
Loom,Winter 2012,Cloud storage for photos and videos (acquired by Dropbox). ,Philipp Wein,https://www.linkedin.com/in/philippwein/
Documents.Me,Winter 2012,Client-side encryption for your devices and the cloud.,Sai Thumuluru,https://www.linkedin.com/in/saithumuluru/
Ark,Winter 2012,Ark organizes the world's social information. ,Yiming Liu,https://www.linkedin.com/in/yimingliu
SolidStage,Winter 2012,"Sysadmin as a service. We make deploying, configuring, monitoring,…",Tom Brown,https://www.linkedin.com/in/NotTomBrown
SolidStage,Winter 2012,"Sysadmin as a service. We make deploying, configuring, monitoring,…",Kevin Kelley,https://www.linkedin.com/in/kevin-kelley-a7099015
YourMechanic,Winter 2012,"Car Repairs, Reinvented:a. Mechanic comes to your home or work to fix…",Art Agrawal,https://www.linkedin.com/in/artagrawal
YourMechanic,Winter 2012,"Car Repairs, Reinvented:a. Mechanic comes to your home or work to fix…",Dongyi Liao,https://www.linkedin.com/in/dongyi-liao
Priceonomics,Winter 2012,We help companies turn their data into great stories.,Rohin Dhar,https://www.linkedin.com/in/rohindhar/
Sendwave,Winter 2012,"Instant, no fee international remittances.",Drew Durbin,https://www.linkedin.com/in/drew-durbin-52517614/
Sendwave,Winter 2012,"Instant, no fee international remittances.",Lincoln Quirk,https://www.linkedin.com/in/lincolnquirk
Glider,Winter 2012,We filter distracting emails away from your inbox.,Brandon Paton,https://www.linkedin.com/in/bpaton
Glider,Winter 2012,We filter distracting emails away from your inbox.,Henry Liu,https://linkedin.com/in/liuhenry/
Glider,Winter 2012,We filter distracting emails away from your inbox.,John Marbach,https://linkedin.com/in/johnmarbach
Medmonk,Winter 2012,A tool for pharmacists to find funding for patients who are unable to…,Abbas Mehdi,https://www.linkedin.com/in/amehdi
Medmonk,Winter 2012,A tool for pharmacists to find funding for patients who are unable to…,Somaira Punjwani,https://www.linkedin.com/in/somaira-punjwani-68b80816
Carsabi,Winter 2012,Carsabi is the search engine for used cars,Christopher Berner,https://www.linkedin.com/in/christopherbernerberkeley/
Y Combinator,Unspecified,,"Hello, Oliver",https://www.linkedin.com/in/oliverortlieb/
Y Combinator,Unspecified,,Jessica Livingston,https://www.linkedin.com/in/jessicalivingston1
Socialcam,Winter 2012,The easiest way to share videos with friends and family. ,Guillaume Luccisano,https://www.linkedin.com/in/guillaumeluccisano/
Socialcam,Winter 2012,The easiest way to share videos with friends and family. ,Michael Seibel,https://linkedin.com/in/mwseibel
Socialcam,Winter 2012,The easiest way to share videos with friends and family. ,Ammon Bartram,https://www.linkedin.com/in/ammon-bartram-2aaa6712
GiveSpark,Winter 2012,Givespark was a celebrity charity fundraising platform,Joe Teplow,https://www.linkedin.com/in/joeteplow/
Shopular,Winter 2012,"Deals, Coupons & Cash Back for your favorite stores.",Tommy Sze Ngai Tsai,https://www.linkedin.com/in/tommytsai/
Picplum,Summer 2011,,Akshay Dodeja,https://www.linkedin.com/in/dodeja
Picplum,Summer 2011,,Paul Stamatiou,https://www.linkedin.com/in/pauls/
Freshplum,Summer 2011,Analytics with action,Sam Odio,https://linkedin.com/in/samodio
Freshplum,Summer 2011,Analytics with action,Nick Alexander,https://www.linkedin.com/in/ndalexander/
Clutch,Summer 2011,An easy to integrate library for native iOS applications designed to…,,
Apollo,Summer 2011,Apollo helps engineering teams accelerate delivery,Geoff Schmidt,https://www.linkedin.com/in/gschmidt/
HackerRank,Summer 2011,Change the world to value skills over pedigree,Vivek Ravisankar,https://www.linkedin.com/in/vivekravisankar
Stypi,Summer 2011,Realtime collaborative coding,Jason Chen,https://www.linkedin.com/in/jhchen/
Stypi,Summer 2011,Realtime collaborative coding,Byron Milligan,https://linkedin.com/in/byron-milligan
Genius,Summer 2011,Music Intelligence,Tom Lehman,https://linkedin.com/in/lehmant
Genius,Summer 2011,Music Intelligence,Ilan Zechory,https://www.linkedin.com/in/ilan-zechory-18a13510a
OneSignal,Summer 2011,Engage customers through personalized omni-channel messaging,George Deglin,https://www.linkedin.com/in/gdeglin
OneSignal,Summer 2011,Engage customers through personalized omni-channel messaging,Long Vo,https://www.linkedin.com/in/longvo/
Zigfu,Summer 2011,Layer above Kinect.,Ted Blackman,https://www.linkedin.com/in/ted-blackman-8628164
Zigfu,Summer 2011,Layer above Kinect.,Amir Hirsch,https://www.linkedin.com/in/amirhirsch/
Zigfu,Summer 2011,Layer above Kinect.,Shlomo Zippel,https://www.linkedin.com/in/shlomozippel
PayDragon,Summer 2011,Hyperlinking the real world.,Hamilton Chan,https://www.linkedin.com/in/hamiltonchan/
Aisle50,Summer 2011,Grocery deals.,George Korsnick,https://www.linkedin.com/in/georgekorsnick
Aisle50,Summer 2011,Grocery deals.,Christopher Steiner,https://www.linkedin.com/in/shuffman56
Debteye,Summer 2011,Automate credit counseling.,Paul Zhang,https://www.linkedin.com/in/zhangyipeng/
Debteye,Summer 2011,Automate credit counseling.,John Sun,https://www.linkedin.com/in/avantjohnsun/
Debteye,Summer 2011,Automate credit counseling.,Kevin Yu,https://www.linkedin.com/in/kevinyu1029
Proxino,Summer 2011,Javascript proxy.,Zaveri YC S11,https://www.linkedin.com/in/mzaveri/
Proxino,Summer 2011,Javascript proxy.,Ethan Fast,https://www.linkedin.com/in/ethanfast/
Streak,Summer 2011,Streak transforms Gmail into a powerful CRM,Aleem Mawani,https://www.linkedin.com/in/aleemmawani/
Science Exchange,Summer 2011,Powering scientific outsourcing,Elizabeth Iorns,https://www.linkedin.com/in/elizabethiorns/
Science Exchange,Summer 2011,Powering scientific outsourcing,Dan Knox,https://www.linkedin.com/in/djkn0x/
PhoneSys,Summer 2011,The Phone System for Sales Teams.,David Dolphin,https://www.linkedin.com/in/david-dolphin/
PhoneSys,Summer 2011,The Phone System for Sales Teams.,Patrick O'Doherty,https://www.linkedin.com/in/podoherty
Quartzy,Summer 2011,Marketplace for life science supplies.,Jayant Kulkarni,https://www.linkedin.com/in/jayantekulkarni/
Quartzy,Summer 2011,Marketplace for life science supplies.,Adam Regelmann,https://www.linkedin.com/in/adam-r-7189a67/
Codecademy,Summer 2011,The leading online learning platform for technical skills.,Zach Sims,https://www.linkedin.com/in/zacharysims
Cryptoseal,Summer 2011,"Server key management, VPN as a Service, Privacy VPN.  Sold to…",Ryan Lackey,https://www.linkedin.com/in/ryanlackey
Cryptoseal,Summer 2011,"Server key management, VPN as a Service, Privacy VPN.  Sold to…",Erik Berls,https://www.linkedin.com/in/berls
Cryptoseal,Summer 2011,"Server key management, VPN as a Service, Privacy VPN.  Sold to…",Thomas Sparks,https://www.linkedin.com/in/tom-sparks-46562/
Segment,Summer 2011,"Software and APIs to collect, clean, and control customer data.",Calvin French-Owen,https://www.linkedin.com/in/calvinfo/
Segment,Summer 2011,"Software and APIs to collect, clean, and control customer data.",Ilya Volodarsky,https://www.linkedin.com/in/ilyavolodarsky/
Citus Data,Summer 2011,Real-time. Big data. PostgreSQL,,
AgileMD,Summer 2011,Predictive analytics and clinical pathways for hospitals ,Borna Safabakhsh,https://www.linkedin.com/in/bornas/
Clerky,Summer 2011,Makes legal paperwork easy for startups and their attorneys.,Darby Wong,https://www.linkedin.com/in/darbywong/
Clerky,Summer 2011,Makes legal paperwork easy for startups and their attorneys.,Chris Field,https://www.linkedin.com/in/fieldchris
Quad,Summer 2011,Quad is where college students get things done.,Sagar Shah,https://www.linkedin.com/in/sagarshah1
Dubjoy,Summer 2011,Dubjoy translates and voice-overs your video to any language,Robert Farazin,https://www.linkedin.com/in/robertfarazin/
Dubjoy,Summer 2011,Dubjoy translates and voice-overs your video to any language,Rok Gregorič,http://linkedin.com/in/rokgregoric
Dubjoy,Summer 2011,Dubjoy translates and voice-overs your video to any language,Miha Rebernik,https://www.linkedin.com/in/miharebernik
Zenbox,Summer 2011,"Brings dozens of SaaS's (Mailchimp, Stripe, Shopify, Salesforce,…",Sean Grove,https://www.linkedin.com/in/segrove/
Zenbox,Summer 2011,"Brings dozens of SaaS's (Mailchimp, Stripe, Shopify, Salesforce,…",Kev Zettler,https://www.linkedin.com/in/kev-zettler-10b34316/
Realm,Summer 2011,Better data structures = no DB.,Alexander Stigsen,https://www.linkedin.com/in/astigsen/
Realm,Summer 2011,Better data structures = no DB.,Bjarne Christiansen,https://www.linkedin.com/in/bjchrist
Firebase,Summer 2011,"Build and grow iOS, Android, and Web apps.",James Tamplin,https://linkedin.com/in/jamest
Firebase,Summer 2011,"Build and grow iOS, Android, and Web apps.",Andrew Lee,https://www.linkedin.com/in/startupandrew/
GoCardless,Summer 2011,We’re building the world’s bank payment network.,Hiroki Takeuchi,https://www.linkedin.com/in/hirokitakeuchi/
GoCardless,Summer 2011,We’re building the world’s bank payment network.,Tom Blomfield,https://www.linkedin.com/in/tomblomfield
Pagelever,Summer 2011,"Facebook analytics. Acquired by Unified in January 2013. 
",David Turner,https://linkedin.com/in/wdavidturner
Pagelever,Summer 2011,"Facebook analytics. Acquired by Unified in January 2013. 
",Jeff Widman,https://linkedin.com/in/jeffwidman
MarketBrief,Summer 2011,Generate stories from SEC filings.,,
Fobo,Summer 2011,Sell to people nearby.,Ryan Mickle,https://linkedin.com/in/mickle
Fobo,Summer 2011,Sell to people nearby.,Ed McManus,https://www.linkedin.com/in/emcmanus
Sift,Summer 2011,The Leader in Digital Trust & Safety,Jason Tan,http://www.linkedin.com/in/jas0ntan
Verbling,Summer 2011,Language learning through video chat.,Mikael Bernstein,https://www.linkedin.com/in/mikaelbernstein/
Embark,Summer 2011,Public transit apps. Acquired by Apple in 2013.,,
LeadGenius,Summer 2011,LeadGenius is an account-based marketing and lead generation…,Anand Kulkarni,https://linkedin.com/in/anandpkulkarni/
LeadGenius,Summer 2011,LeadGenius is an account-based marketing and lead generation…,Prayag Narula,https://linkedin.com/in/prayagnarula/
LeadGenius,Summer 2011,LeadGenius is an account-based marketing and lead generation…,Philipp Gutheim,https://www.linkedin.com/in/gutheim
LeadGenius,Summer 2011,LeadGenius is an account-based marketing and lead generation…,Dave Rolnitzky,https://www.linkedin.com/in/rolnitzky/
Caviar,Summer 2011,Uber for food.,Jason Wang,https://www.linkedin.com/in/jwang815/
Caviar,Summer 2011,Uber for food.,Richard Din,http://linkedin.com/in/rdin86
Caviar,Summer 2011,Uber for food.,Andy Zhang,https://www.linkedin.com/in/andyczhang/
Interstate,Summer 2011,Create & Share Product Roadmaps,Simon Fletcher,https://www.linkedin.com/in/simonandrewfletcher/
Everyme,Summer 2011,The #1 private social network,Oliver Cameron,https://www.linkedin.com/in/olivercameron
Everyme,Summer 2011,The #1 private social network,Vibhu Norby,https://www.linkedin.com/in/vibhunorby
Opez,Summer 2011,Yelp for service pros.,Paul Chou,https://linkedin.com/in/plchou
MixRank,Summer 2011,"Data products for sales, marketing, finance, recruiting, and more.",Scott Milliken,https://www.linkedin.com/in/scottamilliken
Kicksend,Summer 2011,"Send and print photo albums with people you love.

Acquired by Lyft",Pradeep Elankumaran,https://linkedin.com/in/pradeepelankumaran
Kicksend,Summer 2011,"Send and print photo albums with people you love.

Acquired by Lyft",Brendan Lim,https://linkedin.com/in/brendanlim
Videopixie,Summer 2011,Marketplace for Video Production Services.  We help you hire the best…,,
Vapor,Summer 2011,In-video advertising.,Yin Wu,https://www.linkedin.com/in/ywu01/
Vapor,Summer 2011,In-video advertising.,Xuwen Cao,https://www.linkedin.com/in/xuwen-cao-a4471416/
Vapor,Summer 2011,In-video advertising.,Shazad Mohamed,https://www.linkedin.com/in/shazadmohamed/
Launchpad Toys,Summer 2011,"Creativity at Play.  Tablet toys.   Acquired by Google, 2015.",Thushan Amarasiriwardena,https://linkedin.com/in/thushan
Launchpad Toys,Summer 2011,"Creativity at Play.  Tablet toys.   Acquired by Google, 2015.",Andy Russell,https://www.linkedin.com/in/aar366/
Imgix,Summer 2011,The platform for your visual media.,Chris Zacharias,https://www.linkedin.com/in/czacharias/
Compose,Summer 2011,"We make it easy to run databases.
PostgreSQL, Redis, MongoDB,…",Jason McCay,https://www.linkedin.com/in/jasonmccay/
Compose,Summer 2011,"We make it easy to run databases.
PostgreSQL, Redis, MongoDB,…",Ben Wyrosdick,https://www.linkedin.com/in/bwyrosdick/
GlassMap,Summer 2011,Location sharing. Acquired by Groupon in 2013.,Geoffrey Woo,https://www.linkedin.com/in/geoffreywoo
GlassMap,Summer 2011,Location sharing. Acquired by Groupon in 2013.,Jono Chang,https://www.linkedin.com/in/jrzhang
GlassMap,Summer 2011,Location sharing. Acquired by Groupon in 2013.,Jon Zhang,https://www.linkedin.com/in/jrzhang/
Vidyard,Summer 2011,Video for business.,Michael Litt,https://www.linkedin.com/in/michaellitt/
Leaky,Summer 2011,Online auto and business insurance. (Acquired 2013),Darren Nix,http://www.linkedin.com/in/darrensnix
Leaky,Summer 2011,Online auto and business insurance. (Acquired 2013),Jason Traff,https://www.linkedin.com/in/jasontraff/
Ridejoy,Summer 2011,Long-distance carpooling marketplace. Shut down in early 2013.,Jason Shen,https://www.linkedin.com/in/jasonshen/
Ridejoy,Summer 2011,Long-distance carpooling marketplace. Shut down in early 2013.,Randy Pang,https://www.linkedin.com/in/randypang
TapEngage,Summer 2011,"Touch-friendly marketing, acquired by Dropbox",Matt Holden,https://www.linkedin.com/in/mattholden1/
TapEngage,Summer 2011,"Touch-friendly marketing, acquired by Dropbox",Sean Lynch,https://www.linkedin.com/in/seanplynch/
Snapjoy,Summer 2011,Photo library.,JP Ren,https://www.linkedin.com/in/jpren/
Perfect Audience,Summer 2011,Self-service display advertising for SaaS and online retail.,Brad Flora,https://www.linkedin.com/in/bradflora
Perfect Audience,Summer 2011,Self-service display advertising for SaaS and online retail.,Jordi Buller,https://www.linkedin.com/in/jordibuller/
Perfect Audience,Summer 2011,Self-service display advertising for SaaS and online retail.,Kurt Mackey,https://www.linkedin.com/in/mrkurt
Rentobo,Summer 2011,"The easiest way to find a tenant.

Rentobo is a tool that makes it…",Nikhil Abraham,https://www.linkedin.com/in/nikhilabraham
Rentobo,Summer 2011,"The easiest way to find a tenant.

Rentobo is a tool that makes it…",Shaun Davis,https://www.linkedin.com/in/davissp14/
Rentobo,Summer 2011,"The easiest way to find a tenant.

Rentobo is a tool that makes it…",James Shkolnik,https://www.linkedin.com/in/jshkol
Draft,Summer 2011,Making Draft. Super simple version control and collaboration for…,Nathan Kontny,https://linkedin.com/in/nathankontny
Parse,Summer 2011,Parse is the easiest way to build apps.,Kevin Lacker,https://www.linkedin.com/in/kevinlacker/
Zeus,Summer 2011,Tech-enabled property manager focused on corporate rentals; Acquired…,Kulveer Taggar,https://www.linkedin.com/in/kulveer/
Zeus,Summer 2011,Tech-enabled property manager focused on corporate rentals; Acquired…,Srini Panguluri,https://www.linkedin.com/in/srinipanguluri
Zeus,Summer 2011,Tech-enabled property manager focused on corporate rentals; Acquired…,Joe Wong,https://www.linkedin.com/in/joewong2
Userfox,Winter 2011,User retention as a service.  Drip email,Cesar Alaniz,https://www.linkedin.com/in/cesaralaniz/
Userfox,Winter 2011,User retention as a service.  Drip email,Peter Clark,https://www.linkedin.com/in/peter-clark-51990a8a/
Automatic,Summer 2011,Automatic connects your car to the rest of your digital life.,,
Hungry Labs,Summer 2011,Now part of Snaplayer.,Kevin Lacker,https://www.linkedin.com/in/kevinlacker/
Inporia,Winter 2011,Fashion shopping email list.,Ryan Junee,https://www.linkedin.com/in/rjunee
Inporia,Winter 2011,Fashion shopping email list.,Max Sky,https://www.linkedin.com/in/maxskibinsky/
Upverter,Winter 2011,The future of hardware design. A marketplace for hardware engineering…,Stephen Hamer,https://linkedin.com/in/stephenhamer
SingleStore,Winter 2011,"The cloud-native, operational database built for speed and scale.",Eric Frenkiel,https://linkedin.com/in/ericfrenkiel
SingleStore,Winter 2011,"The cloud-native, operational database built for speed and scale.",Nikita Shamgunov,https://www.linkedin.com/in/nikitashamgunov/
Beetailer,Winter 2011,Facebook stores.,Laura Valverde,https://www.linkedin.com/in/lauravalverde
Beetailer,Winter 2011,Facebook stores.,Miguel Martinez Trivino,https://linkedin.com/in/martineztrivino
TellFi,Winter 2011,Google Voice for business.,Jason Corwin,https://www.linkedin.com/in/jsoncorwin/
TellFi,Winter 2011,Google Voice for business.,Conor Lee,https://linkedin.com/in/conorlee
TellFi,Winter 2011,Google Voice for business.,Zain Memon,https://linkedin.com/in/zainm
Assembled,Winter 2011,"Pivoted to TenXList, a professional network of top college engineers.",Evan Reas,https://www.linkedin.com/in/evan-reas
Assembled,Winter 2011,"Pivoted to TenXList, a professional network of top college engineers.",Shubham Mittal,https://www.linkedin.com/in/shubhammittal86
Talkable,Winter 2011,Online store referrals.,Allan Grant,https://www.linkedin.com/in/allangrant
FitFu,Winter 2011,New projects,Jof Arnold,https://www.linkedin.com/in/jofarnold
FitFu,Winter 2011,New projects,Benjie Gillam,https://www.linkedin.com/in/benjiegillam
AppHarbor,Winter 2011,.NET Cloud Platform as a Service,Rune Soerensen,https://www.linkedin.com/in/runesoerensen
AppHarbor,Winter 2011,.NET Cloud Platform as a Service,Michael Friis,https://www.linkedin.com/in/michaelfriis
Tumult,Winter 2011,Tumult is building the next generation of apps for web design. Our…,Jonathan Deutsch,https://www.linkedin.com/in/jmfd/
Earbits,Winter 2011,Google AdWords for music.  Allowing bands and labels to bid for…,Joey Flores,https://linkedin.com/in/joeyjflores
Earbits,Winter 2011,Google AdWords for music.  Allowing bands and labels to bid for…,Benjamin Bryant,https://www.linkedin.com/in/bhbryant
Earbits,Winter 2011,Google AdWords for music.  Allowing bands and labels to bid for…,Yotam Rosenbaum,https://www.linkedin.com/in/yotam-rosenbaum-6513088/
Acunote,Winter 2011,,Gleb Arshinov,https://www.linkedin.com/in/gleb-arshinov/
Sendoid,Winter 2011,High speed peer to peer data transport technology for consumers…,John Egan,https://www.linkedin.com/in/john3gan/
Sendoid,Winter 2011,High speed peer to peer data transport technology for consumers…,Zac Morris,https://www.linkedin.com/in/zacmorris/
HelloSign,Winter 2011,eSignature software for small and mid-market businesses.,Neal O'Mara,https://www.linkedin.com/in/nealomara/
Instapainting,Winter 2011,Custom-made artwork from artists e-commerce marketplace.,Chris Chen,https://www.linkedin.com/in/chris-chen-07882124
You Got Listings,Winter 2011,All-in-one apartment Marketing Platform for brokerages and landlords.,Li Founder/COO,https://www.linkedin.com/in/yanjunli80/
Hotspots,Winter 2011,"Real-time analytics (acq by TWTR, 2012)",Matt Huang,https://www.linkedin.com/in/kmhuang
Hotspots,Winter 2011,"Real-time analytics (acq by TWTR, 2012)",Alexander Spicer,https://www.linkedin.com/in/sandy-spicer
Tremendous,Winter 2011,"How businesses send money to people at scale. Fast, free, global.",Nicolas Baum,https://www.linkedin.com/in/nicolasbaum/
Tremendous,Winter 2011,"How businesses send money to people at scale. Fast, free, global.",Kapil Kale,https://www.linkedin.com/in/kapilvkale/
Custora,Winter 2011,Custora is a predictive analytics platform for e-commerce marketing…,Corey Pierson,https://www.linkedin.com/in/coreypierson
Custora,Winter 2011,Custora is a predictive analytics platform for e-commerce marketing…,Jon Pospischil,https://www.linkedin.com/in/jonpospischil
Comprehend,Winter 2011,SaaS to increase speed and quality of clinical trials.,Rick Morrison,https://www.linkedin.com/in/rickmorrison/
Humble Bundle,Winter 2011,Pay what you want for awesome games and other content while giving to…,Jeffrey Rosen,https://www.linkedin.com/in/jeffreyr/
Humble Bundle,Winter 2011,Pay what you want for awesome games and other content while giving to…,John Graham,https://linkedin.com/in/johngraham83
Pebble,Winter 2011,Watch that helps you get shit done and limit the mayhem of…,Eric Migicovsky,https://linkedin.com/in/ericmigi
Hyperink,Winter 2011,Ebook publisher.,Min Ming Lo,http://linkedin.com/in/lominming
Insight Data Science,Winter 2011,Turning PhDs & engineers into data scientists & data engineers,Jake Klamka,https://www.linkedin.com/in/jakeklamka
Convore,Winter 2011,Hosted IRC and so much more.,Leah Culver,https://www.linkedin.com/in/leahculver
Convore,Winter 2011,Hosted IRC and so much more.,Eric Maguire,https://www.linkedin.com/in/ericmaguire
Flotype,Winter 2011,Third generation of web apps.,Darshan Shankar,https://www.linkedin.com/in/darshanshankar
Flotype,Winter 2011,Third generation of web apps.,Sridatta Thatipamala,https://linkedin.com/in/sridattathatipamala
Flotype,Winter 2011,Third generation of web apps.,Eric Zhang,https://www.linkedin.com/in/ericmzh/
Fivestars,Winter 2011,Customer loyalty and payments platform for small businesses.,Victor Ho,https://www.linkedin.com/in/victor-ho-47257211/
Fivestars,Winter 2011,Customer loyalty and payments platform for small businesses.,Matt Doka,https://www.linkedin.com/in/mattdoka/
Apportable,Winter 2011,iOS porting,Ian Fischer,https://www.linkedin.com/in/iansf
Close,Winter 2011,CRM and sales automation tools for startups and SMBs,Steli Efti,https://www.linkedin.com/in/steliefti
Close,Winter 2011,CRM and sales automation tools for startups and SMBs,Anthony Nemitz,https://www.linkedin.com/in/anthonynemitz/
Balanced,Winter 2011,Payments for Marketplaces,,
Mailgun,Winter 2011,Email API service.,Ev Kontsevoy,https://www.linkedin.com/in/kontsevoy/
Mailgun,Winter 2011,Email API service.,Taylor Wakefield,https://www.linkedin.com/in/taylorwakefield/
Tutorspree,Winter 2011,Online tutoring marketplace.,Aaron Harris,https://www.linkedin.com/in/aaronkharris/
Tutorspree,Winter 2011,Online tutoring marketplace.,Ryan Bednar,https://www.linkedin.com/in/ryan-bednar-9520853
Tutorspree,Winter 2011,Online tutoring marketplace.,Josh Abrams,https://www.linkedin.com/in/josh-abrams-9116bb78
Mino Games,Winter 2011,Mobile games company,Josh Buckley,https://www.linkedin.com/in/josh-buckley-7612284/
Lanyrd,Winter 2011,IMDB of conferences.,Simon Willison,https://www.linkedin.com/in/simonwillison
TrustEgg,Winter 2011,Trust funds.,Jeffrey Brice,https://www.linkedin.com/in/jeffreybrice/
TrustEgg,Winter 2011,Trust funds.,Gabe Krambs,https://www.linkedin.com/in/gabekrambs/
Siasto,Winter 2011,"Siasto is a collaboration tool designed for SMBs who use Google Apps,…",Courtland Allen,https://www.linkedin.com/in/courtlandallen
Siasto,Winter 2011,"Siasto is a collaboration tool designed for SMBs who use Google Apps,…",Nic Pantucci,https://www.linkedin.com/in/niccolopantucci
GOAT Group,Winter 2011,"Platform for the greatest products from the past, present and future.",Eddy Lu,https://www.linkedin.com/in/eddylu/
GOAT Group,Winter 2011,"Platform for the greatest products from the past, present and future.",Daishin Sugano,https://www.linkedin.com/in/sensugano
OrderAhead,Winter 2011,Order ahead for pickup,Jeffrey Byun,https://www.linkedin.com/in/jeffbyun/
OrderAhead,Winter 2011,Order ahead for pickup,Henry A. Lee,https://www.linkedin.com/in/henryalee/
DrChrono,Winter 2011,The essential platform for modern medical practices and patients.,Michael Nusimow,https://linkedin.com/in/mnusimow
DrChrono,Winter 2011,The essential platform for modern medical practices and patients.,Daniel Kivatinos,https://www.linkedin.com/in/kivatinos/
Storyworth,Winter 2011,Record your family stories and print them in beautiful keepsake books.,Nick Baum,https://www.linkedin.com/in/nickbaum
TalkBin,Winter 2011,Consumer to business messaging. ,Qasar Younis,https://www.linkedin.com/in/qasar/
TalkBin,Winter 2011,Consumer to business messaging. ,Sunny Dhillon,https://www.linkedin.com/in/dhillons
TalkBin,Winter 2011,Consumer to business messaging. ,Michael Ma,https://www.linkedin.com/in/michaelma8/
Venuetastic,Winter 2011,Venue marketplace.,Lena Belkor,https://www.linkedin.com/in/lenabelkor
Venuetastic,Winter 2011,Venue marketplace.,Christine Yen,https://www.linkedin.com/in/christineyen/
SimplyListed,Winter 2011,Sell your stuff.,Jon Grall,https://www.linkedin.com/in/jgrall/
Chartio,Summer 2010,Chartio is changing how companies work by building the best…,Dave Fowler,https://www.linkedin.com/in/dave-fowler-chartio/
Presto,Summer 2010,Digital meets physical for big chain restaurants,Rajat Suri,https://www.linkedin.com/in/rajatsuri
Hipmunk,Summer 2010,"Hipmunk takes the agony out of searching for flights, accommodations,…",Adam Goldstein,https://www.linkedin.com/in/adam-goldstein-510bbb22/
Teevox,Summer 2010,Teevox,Jong-Moon Kim,https://linkedin.com/in/jiggity
Rapportive,Summer 2010,Add profiles to email.,Rahul Vohra,https://www.linkedin.com/in/rahulvohra
Rapportive,Summer 2010,Add profiles to email.,Sam Stokes,https://www.linkedin.com/in/samstokesuk
Recurse Center,Summer 2010,The retreat where curious programmers recharge and grow,Nicholas Bergson-Shilcock,https://www.linkedin.com/in/nicholasbs
Recurse Center,Summer 2010,The retreat where curious programmers recharge and grow,Sonali Sridhar,https://www.linkedin.com/in/jollysonali/
Simperium,Summer 2010,Simplenote (simplenote.com) and the Simperium platform for syncing…,Mike Johnston,https://linkedin.com/in/mikejohnstn
Simperium,Summer 2010,Simplenote (simplenote.com) and the Simperium platform for syncing…,Fred Cheng,https://www.linkedin.com/in/fred-cheng-955b7554/
AeroFS,Summer 2010,Secure Enterprise Collaboration.,Yuri Sagalov,https://www.linkedin.com/in/yurisagalov/
AeroFS,Summer 2010,Secure Enterprise Collaboration.,Weihan Wang,https://linkedin.com/in/weihan
Chirply,Summer 2010,Crowdsourced design marketplace for paper goods.,Gagan Palrecha,https://www.linkedin.com/in/gaganpalrecha/
Chirply,Summer 2010,Crowdsourced design marketplace for paper goods.,Neel Palrecha,https://www.linkedin.com/in/npalrecha/
Habit Labs,Summer 2010,Friends motivate one another: I'll do x if you do y.,Andrey Petrov,https://www.linkedin.com/in/shazow
Habit Labs,Summer 2010,Friends motivate one another: I'll do x if you do y.,Jen McCabe,https://www.linkedin.com/in/jensmccabe/
PadMapper,Summer 2010,Map-based apartment search.,Eric DeMenthon,https://www.linkedin.com/in/ericdementhon/
DemandSphere,Summer 2010,SEO & Content Marketing Intelligence,Ray Grieselhuber,https://www.linkedin.com/in/raygrieselhuber/
AnyList,Summer 2010,"One app for stress-free shopping, cooking, and meal planning.",Jeff Hunter,https://www.linkedin.com/in/jeffrhunter/
AnyList,Summer 2010,"One app for stress-free shopping, cooking, and meal planning.",Jason Marr,https://www.linkedin.com/in/jmarr
Brushes,Summer 2010,iPad drawing software.,,
Gantto,Summer 2010,Better Microsoft Project.,Christopher R. Carlson,https://www.linkedin.com/in/crcarlson
Gantto,Summer 2010,Better Microsoft Project.,Federico Barbagli,https://www.linkedin.com/in/federico-barbagli
Homejoy,Summer 2010,platform for home service professionals,Adora Cheung,https://www.linkedin.com/in/adoracheung/
Homejoy,Summer 2010,platform for home service professionals,Aaron Cheung,https://www.linkedin.com/in/aarontcheung/
1000Memories,Summer 2010,Memorial sites.,Brett Huneycutt,https://www.linkedin.com/in/bretthuneycutt
1000Memories,Summer 2010,Memorial sites.,Rudy Adler,https://www.linkedin.com/in/rudyadler
GazeHawk,Summer 2010,Eyetracking using webcams.,Brian Krausz,https://www.linkedin.com/in/bkrausz/
GazeHawk,Summer 2010,Eyetracking using webcams.,Joe Gershenson,https://www.linkedin.com/in/jgershen
Leftronic,Summer 2010,Business dashboards,Rajiv Ghanta,https://www.linkedin.com/in/rajivghanta/
Leftronic,Summer 2010,Business dashboards,Lionel Jingles,https://www.linkedin.com/in/lionel-jingles
Leftronic,Summer 2010,Business dashboards,Jyotindra Vasudeo,https://www.linkedin.com/in/jvasudeo
Upbeat,Summer 2010,Upbeat: Building the next generation of Public Relations (PR),Ricky Yean,https://www.linkedin.com/in/rickyyean/
Upbeat,Summer 2010,Upbeat: Building the next generation of Public Relations (PR),David Tran,https://linkedin.com/in/davetran
Upbeat,Summer 2010,Upbeat: Building the next generation of Public Relations (PR),Mark Linsey,https://www.linkedin.com/in/mark-linsey-a38b773/
Opzi,Summer 2010,Q&A for businesses.,Euwyn Poon,https://www.linkedin.com/in/euwyn
Opzi,Summer 2010,Q&A for businesses.,Benjamin Preston,https://www.linkedin.com/in/ben-preston-1a079612/
Opzi,Summer 2010,Q&A for businesses.,Nathan Speller,https://www.linkedin.com/in/nathanspeller
FutureAdvisor,Summer 2010,The online financial management service for everyone.,Bo Lu,https://www.linkedin.com/in/boluprofile
Docker,Summer 2010,Software development platform.,Solomon Hykes,https://www.linkedin.com/in/solomonhykes/
Post.fm,Summer 2010,New email inbox.,Artemi Krymski,https://linkedin.com/in/ak102
inDinero,Summer 2010,Financial dashboard for businesses.,Andy Su,https://linkedin.com/in/andydsu
WorkFlowy,Summer 2010,WorkFlowy is a better way to manage information. It provides a simple…,,
PagerDuty,Summer 2010,Real-time visibility into critical apps and services all in one place.,Alex Solomon,https://www.linkedin.com/in/alexsolo
Ready For Zero,Summer 2010,Personal debt and credit management. Acquired by Avant in 2015.,Rod Ebrahimi,https://linkedin.com/in/rodebrahimi
Ready For Zero,Summer 2010,Personal debt and credit management. Acquired by Avant in 2015.,Ignacio Thayer,https://www.linkedin.com/in/ignaciothayer
MessageParty,Summer 2010,Local chat.,Jason Gavris,https://www.linkedin.com/in/jason-gavris-75673a8
MessageParty,Summer 2010,Local chat.,Amanda Peyton,https://www.linkedin.com/in/amandapey/
Fanvibe,Summer 2010,,Vishwas Prabhakara,https://www.linkedin.com/in/vishwasp
Fanvibe,Summer 2010,,Arthur Chang,https://www.linkedin.com/in/arthurchang
Fanvibe,Summer 2010,,Joe Pestro,https://linkedin.com/in/joepestro
Fridge,Summer 2010,Disposable social networks.,Austin Chang,https://www.linkedin.com/in/austinnchang
Tapzilla,Summer 2010,Woot for iOS apps.,Edmond Yue,https://www.linkedin.com/in/edmond-yue-491a983
Whereoscope,Summer 2010,Location-aware smartphone application that enables parents to keep…,Mick Johnson,http://www.linkedin.com/in/mickdudleyjohnson
Whereoscope,Summer 2010,Location-aware smartphone application that enables parents to keep…,James Gregory,https://www.linkedin.com/in/jgregory/
AdGrok,Summer 2010,Easy SEM software. Acquired by Twitter in 2011.,Antonio Garcia-Martinez,https://www.linkedin.com/in/antongm
AdGrok,Summer 2010,Easy SEM software. Acquired by Twitter in 2011.,Argyrios Zymnis,https://www.linkedin.com/in/azymnis
Pribbit,Summer 2010,Like Twitter but you post others' status.,,
Koduco,Summer 2010,iPad games.,Jonathan Beilin,https://www.linkedin.com/in/jonbeilin
Koduco,Summer 2010,iPad games.,Cole Krumbholz,https://www.linkedin.com/in/colekrumbholz/
Mertado,Winter 2010,,Vijay Chittoor,https://www.linkedin.com/in/vijaychittoor
Mertado,Winter 2010,,Mehul Shah,https://www.linkedin.com/in/mehuls
Mertado,Winter 2010,,Rajiv Bhat,https://www.linkedin.com/in/rajivbhat
500Friends,Winter 2010,the best loyalty and retention marketing partner for CMOs. ,Justin Yoshimura,https://www.linkedin.com/in/yoshimuraj/
500Friends,Winter 2010,the best loyalty and retention marketing partner for CMOs. ,Hong Hu,https://www.linkedin.com/in/huhong/
All Screen,Winter 2010,Connecting users with engaging video content across the web.…,,
Crocodoc,Winter 2010,"Embed PDFs, PowerPoints, and other documents into web and mobile apps",Ryan Damico,https://www.linkedin.com/in/ryandamico
Crocodoc,Winter 2010,"Embed PDFs, PowerPoints, and other documents into web and mobile apps",Peter Lai,https://www.linkedin.com/in/peterjlai
Crocodoc,Winter 2010,"Embed PDFs, PowerPoints, and other documents into web and mobile apps",Matt Long,https://www.linkedin.com/in/mateolargo/
Crocodoc,Winter 2010,"Embed PDFs, PowerPoints, and other documents into web and mobile apps",Bennett Rogers,https://www.linkedin.com/in/bennett-rogers-2774b3b/
Bitplay,Winter 2010,"Effortless Video Meetings
- Acquired by Jive Software in 2013",Denis Mars,https://www.linkedin.com/in/denismars
Bitplay,Winter 2010,"Effortless Video Meetings
- Acquired by Jive Software in 2013",Arend Naylor,https://www.linkedin.com/in/arendn
Fabricly,Winter 2010,,Ari Helgason,https://www.linkedin.com/in/arihelgason/
Fabricly,Winter 2010,,Tom Riley,https://www.linkedin.com/in/tomriley3/
Embedly,Winter 2010,,Sean Creeley,https://linkedin.com/in/screeley/
Embedly,Winter 2010,,Arthur Gibson,https://www.linkedin.com/in/arthur-gibson-62784923
Creative Market,Winter 2010,Marketplace for graphic design assets,"Monsef Founder/CEO Founder/CEO, Pre",http://linkedin.com/in/dariusmonsef
Creative Market,Winter 2010,Marketplace for graphic design assets,Monsef Founder/CEO,http://linkedin.com/in/dariusmonsef
Creative Market,Winter 2010,Marketplace for graphic design assets,Aaron Epstein,https://www.linkedin.com/in/aaron-epstein-a97105/
Creative Market,Winter 2010,Marketplace for graphic design assets,Chris Williams,https://www.linkedin.com/in/pureform
Nowmov,Winter 2010,,Thomas Pun,https://www.linkedin.com/in/thomaspun/
Optimizely,Winter 2010,The first all-in-one operating system for marketing,Pete Koomen,https://www.linkedin.com/in/petekoomen/
LaunchHear,Winter 2010,LaunchHear was a startup attempting to make PR scale in the same way…,Alex Krupp,https://www.linkedin.com/in/alexkrupp
LaunchHear,Winter 2010,LaunchHear was a startup attempting to make PR scale in the same way…,Allan Young,https://www.linkedin.com/in/allantyoung
Zencoder,Winter 2010,"Video Encoding API,
Open source video player (video.js)",Jon Dahl,https://www.linkedin.com/in/zencoder
Zencoder,Winter 2010,"Video Encoding API,
Open source video player (video.js)",Steve Heffernan,https://www.linkedin.com/in/heffernan
Zencoder,Winter 2010,"Video Encoding API,
Open source video player (video.js)",Brandon Arbini,https://www.linkedin.com/in/brandonarbini
Cue,Winter 2010,,Shai Magzimof,https://www.linkedin.com/in/shaimagzimof/
Cue,Winter 2010,,Daniel Gross,https://www.linkedin.com/in/dg271/
Cue,Winter 2010,,Robby Walker,https://www.linkedin.com/in/robbywalker
Answerly,Winter 2010,,Joe Fahrner,https://www.linkedin.com/in/joefahrner
Answerly,Winter 2010,,Jason Konrad,https://www.linkedin.com/in/jason-konrad/
OwnLocal,Winter 2010,"OwnLocal automates marketing for over 129,000 SMBs through 3,300…",Lloyd Armbrust,https://www.linkedin.com/in/lloydarmbrust/
Zenedy,Winter 2010,,Dan Morin,https://www.linkedin.com/in/danielmorin
Zenedy,Winter 2010,,Jeff Morin,https://www.linkedin.com/in/jeffmorin
Gamador,Winter 2010,,Dan Silberman,https://www.linkedin.com/in/dansilberman23/
Fithub,Winter 2010,,Robert Bagley,https://www.linkedin.com/in/robertbagley
Fithub,Winter 2010,,Troy Kruthoff,https://www.linkedin.com/in/tkruthoff
Cardpool,Winter 2010,,Tim Wong,https://www.linkedin.com/in/timothy-wong-3a19144a
Movity,Winter 2010,Real estate data visualization.  Sold to Trulia Dec…,Sha Hwang,https://www.linkedin.com/in/shashashasha/
Movity,Winter 2010,Real estate data visualization.  Sold to Trulia Dec…,Vaughn Koch,http://linkedin.com/in/vaughnkoch
Movity,Winter 2010,Real estate data visualization.  Sold to Trulia Dec…,Eric Wu,https://www.linkedin.com/in/ericwu01/
Etacts,Winter 2010,,Evan Beard,http://linkedin.com/in/evanbeard
Etacts,Winter 2010,,Howie Liu,https://www.linkedin.com/in/howieliu
Data Marketplace,Winter 2010,,Steve DeWald,https://www.linkedin.com/in/sdewald/
Data Marketplace,Winter 2010,,Matt Hodan,https://www.linkedin.com/in/matthodan
Newslabs,Winter 2010,,Nathan Chong,https://www.linkedin.com/in/nathanchong/
Newcope,Winter 2010,,Coen Stevens,https://linkedin.com/in/beatlevic
Infoharmoni,Winter 2010,,,
Notifo,Winter 2010,,,
Listia,Summer 2009,Mobile marketplace for trading used goods.,Gee-Hwan Chuang,https://linkedin.com/in/geechuang
Stripe,Summer 2009,Economic infrastructure for the internet.,Patrick Collison,https://www.linkedin.com/in/patrickcollison/
Stripe,Summer 2009,Economic infrastructure for the internet.,John Collison,https://www.linkedin.com/in/johnbcollison/
HighlightCam,Summer 2009,"HighlightCam edits video, automatically!",Michael Katsevman,https://www.linkedin.com/in/mkatsevman/
HighlightCam,Summer 2009,"HighlightCam edits video, automatically!",Michael James O'Kelly,https://www.linkedin.com/in/mjtokelly
DailyBooth,Summer 2009,,Ryan Amos,https://www.linkedin.com/in/rmamos
Bump,Summer 2009,"Bump, Flock, Photoroll (unreleased) => Google Photos",David Lieb,https://www.linkedin.com/in/davidlieb/
Bump,Summer 2009,"Bump, Flock, Photoroll (unreleased) => Google Photos",Andy Huibers,https://www.linkedin.com/in/andyhuibers
WePay,Summer 2009,Payments for platform businesses.,Bill Clerico,https://www.linkedin.com/in/billclerico
WePay,Summer 2009,Payments for platform businesses.,Richard Aberman,https://www.linkedin.com/in/richaberman/
Directed Edge,Summer 2009,Product recommendations.,,
RethinkDB,Summer 2009,The open source database for the realtime web.,Michael Glukhovsky,https://www.linkedin.com/in/mglukhovsky
RethinkDB,Summer 2009,The open source database for the realtime web.,Slava Akhmechet,https://www.linkedin.com/in/coffeemug/
Jobspice,Summer 2009,,Dane Hurtubise,https://www.linkedin.com/in/hurtubise/
Jobspice,Summer 2009,,Andrew McCollum,https://www.linkedin.com/in/andrew-mccollum-4800bb1b2
Mixpanel,Summer 2009,Mixpanel is event analytics for builders that need answers.,Suhail Doshi,https://www.linkedin.com/in/suhaildoshi/
Mixpanel,Summer 2009,Mixpanel is event analytics for builders that need answers.,Tim Trefren,https://linkedin.com/in/timtrefren
Olark,Summer 2009,The best live chat software on the planet.  We help you build…,Ben Congleton,https://www.linkedin.com/in/bencongleton
Olark,Summer 2009,The best live chat software on the planet.  We help you build…,Matt Pizzimenti,https://www.linkedin.com/in/mjpizz
Lockitron,Summer 2009,Lockitron makes electronic locks you can control locally from your…,Cameron Robertson,https://www.linkedin.com/in/ccrobertson
Lockitron,Summer 2009,Lockitron makes electronic locks you can control locally from your…,Paul Gerhardt,https://www.linkedin.com/in/paul-gerhardt-7aaa67296/
Lockitron,Summer 2009,Lockitron makes electronic locks you can control locally from your…,Robert Witoff,https://www.linkedin.com/in/rwitoff
CarWoo,Summer 2009,The best way to buy a new car.,Tommy McClung,https://www.linkedin.com/in/tmcclung/
CarWoo,Summer 2009,The best way to buy a new car.,Michael Young,https://www.linkedin.com/in/michael-lawrence-young/
CarWoo,Summer 2009,The best way to buy a new car.,Erik Landerholm,https://www.linkedin.com/in/elanderholm/
Tuxebo,Summer 2009,Tuxebo was a platform for renting things,Colin Beattie,https://www.linkedin.com/in/cbeattie/
Tuxebo,Summer 2009,Tuxebo was a platform for renting things,Manvir Kenth,https://www.linkedin.com/in/manvirkenth/
Tuxebo,Summer 2009,Tuxebo was a platform for renting things,Joachim Krebs,https://www.linkedin.com/in/jkrebs/
Fanchatter,Summer 2009,"FanChatter aggregates, amplifies and empowers fan content on every…",Marty Wetherall,https://www.linkedin.com/in/martywetherall
Fanchatter,Summer 2009,"FanChatter aggregates, amplifies and empowers fan content on every…",Luke Francl,https://www.linkedin.com/in/lukefrancl/
Plurchase,Summer 2009,,Jeff Ferber,https://www.linkedin.com/in/ferbs
Plurchase,Summer 2009,,Dean Mao,https://www.linkedin.com/in/deanmao
GraffitiGeo,Summer 2009,We let you know where to go and what to get once you get there.…,Nikhil Pandit,https://www.linkedin.com/in/nikhil-pandit-b0a6441/
GraffitiGeo,Summer 2009,We let you know where to go and what to get once you get there.…,Jared Tame,https://www.linkedin.com/in/jaredtame
Flightcaster,Summer 2009,,Jason Freedman,https://www.linkedin.com/in/jasonfreedman/
Flightcaster,Summer 2009,,Bradford Cross,https://www.linkedin.com/in/bradfordcross/
Flightcaster,Summer 2009,,Evan Konwiser,https://www.linkedin.com/in/evankonwiser/
Flightcaster,Summer 2009,,James Bracy,https://www.linkedin.com/in/waratuman/
Flightcaster,Summer 2009,,Jonathan Bracy,https://www.linkedin.com/in/jonbracy/
NudgePad,Summer 2009,Online IDE. We joined Microsoft in 2014.,,
RentHop,Summer 2009,Apartment rental marketplace,Lawrence Zhou,https://www.linkedin.com/in/lawrence-zhou-93523521
Lingt,Summer 2009,Lingt provided a web-based platform for learning languages leveraging…,,
RoboHR,Summer 2009,,Henry Liu,https://www.linkedin.com/in/henryliuhenryliu/
RoboHR,Summer 2009,,Jingsong Wang,https://www.linkedin.com/in/jingsong-wang-a125845/
AdThrow,Summer 2009,,Andrew Levy,https://www.linkedin.com/in/andrewmlevy/
AdThrow,Summer 2009,,Daniel Kluesing,https://www.linkedin.com/in/kluesing/
AdThrow,Summer 2009,,Evan Rosenfeld,http://linkedin.com/in/evanrosenfeld
Stackq,Summer 2009,,Elfred Pagan,https://www.linkedin.com/in/elfred
Wakemate,Summer 2009,,Arun Gupta,https://www.linkedin.com/in/arungupta3/
Instantq,Summer 2009,,Dana Levine,https://Linkedin.com/in/danaalevine
Instantq,Summer 2009,,Jeffery Xin Shi,https://www.linkedin.com/in/shijeff
Recurious,Winter 2009,,,
Skysheet,Winter 2009,Browser-based spreadsheet.,,
Heyzap,Winter 2009,Heyzap (acquired by Fyber for $45m in 2016) is one of the largest…,Immad Akhund,https://www.linkedin.com/in/iakhund/
Heyzap,Winter 2009,Heyzap (acquired by Fyber for $45m in 2016) is one of the largest…,Jude Gomila,https://www.linkedin.com/in/judegomila/
Wattvision,Winter 2009,Sensors and software for energy tracking. Like 'fitbit' for your…,Savraj Singh,http://linkedin.com/in/savraj
Foodoro,Winter 2009,,Dannie Chu,https://www.linkedin.com/in/daniel-chu-8455b76/
Volantio,Winter 2009,Post-booking revenue and capacity optimization for airlines…,Azim Barodawala,https://www.linkedin.com/in/azim-barodawala-9230254
Airbnb,Winter 2009,Book accommodations around the world.,Brian Chesky,https://www.linkedin.com/in/brianchesky/
Airbnb,Winter 2009,Book accommodations around the world.,Nathan Blecharczyk,https://www.linkedin.com/in/blecharczyk/
Airbnb,Winter 2009,Book accommodations around the world.,Joe Gebbia,https://www.linkedin.com/in/jgebbia/
Divvyshot,Winter 2009,,Sam Odio,https://linkedin.com/in/samodio
reMail,Winter 2009,Email search for iPhone. Acquired by Google in Feb 2010.,Gabor Cselle,https://www.linkedin.com/in/gaborcselle
Echodio,Winter 2009,Sync and stream your music across any device. Acquired in 2009. ,Niall Smart,https://linkedin.com/in/niallsmart
Echodio,Winter 2009,Sync and stream your music across any device. Acquired in 2009. ,Cormac Driver,https://www.linkedin.com/in/cormacdriver
Echodio,Winter 2009,Sync and stream your music across any device. Acquired in 2009. ,Vincent Glennon,https://www.linkedin.com/in/vinnyglennon/
Cloudkick,Winter 2009,,,
Spaces Life,Winter 2009,,,
Picurio,Winter 2009,,Jonathan Berger,http://www.linkedin.com/in/bergerj
Picurio,Winter 2009,,Michael Kodiak,https://www.linkedin.com/in/michaelkodiak/
Picurio,Winter 2009,,Laura Savidge,https://www.linkedin.com/in/laurasavidge
Nambii,Winter 2009,,,
Voxli,Winter 2009,,Andrew Ow,https://www.linkedin.com/in/andrewow/
Voxli,Winter 2009,,Joey Liaw,https://www.linkedin.com/in/joeyliaw
PetaSales,Winter 2009,,Nick Alexander,https://www.linkedin.com/in/ndalexander/
Posterous,Summer 2008,Dead simple blogs by email,Sachin Agarwal,https://www.linkedin.com/in/a4agarwal/
Posterous,Summer 2008,Dead simple blogs by email,Brett Gibson,https://www.linkedin.com/in/brettdgibson/
Posterous,Summer 2008,Dead simple blogs by email,Garry Tan,https://www.linkedin.com/in/garrytan/
Poll Everywhere,Summer 2008,Interactive meetings and presentations,Jeff Vyduna,https://www.linkedin.com/in/jeffvyduna/
Poll Everywhere,Summer 2008,Interactive meetings and presentations,Brad Gessler,https://www.linkedin.com/in/bradgessler/
OhLife,Summer 2008,,,
Cloudant,Summer 2008,NoSQL Database-aaS.  Acquired by IBM in 2014.  Now IBM Cloud Data…,Michael Miller,https://www.linkedin.com/in/mlmilleratmit
Cloudant,Summer 2008,NoSQL Database-aaS.  Acquired by IBM in 2014.  Now IBM Cloud Data…,Alan Hoffman,https://www.linkedin.com/in/alanmhoffman
Cloudant,Summer 2008,NoSQL Database-aaS.  Acquired by IBM in 2014.  Now IBM Cloud Data…,Adam Kocoloski,https://www.linkedin.com/in/kocolosk
Job Alchemist,Summer 2008,,Luke Groesbeck,https://linkedin.com/in/lukegroesbeck
Job Alchemist,Summer 2008,,Loc Ngo,https://www.linkedin.com/in/locngo
Job Alchemist,Summer 2008,,Ben Wong,https://www.linkedin.com/in/benwong0
Frogmetrics,Summer 2008,,D. Scott Phoenix,https://www.linkedin.com/in/dscottphoenix
Frogmetrics,Summer 2008,,Jeremy Mims,https://www.linkedin.com/in/jeremymims
Anyvite,Summer 2008,,Dan Morin,https://www.linkedin.com/in/danielmorin
Anyvite,Summer 2008,,Jeff Morin,https://www.linkedin.com/in/jeffmorin
CO2Stats,Summer 2008,Social and environmental web analytics. Acquired in December 2016.,Alexander Wissner-Gross,https://www.linkedin.com/in/alexwg/
JustSpotted,Summer 2008,Acquired by Google in 2011,Dilan Dane,https://www.linkedin.com/in/dilandane/
Picwing,Summer 2008,Photo Sharing platform for families,Edward Kim,https://www.linkedin.com/in/edawerd/
Picwing,Summer 2008,Photo Sharing platform for families,Enrique Rodriguez,https://www.linkedin.com/in/enriquerodriguezchamussy/
BackType,Summer 2008,BackType was an analytics company acquired by Twitter in 2011,Christopher Golda,https://www.linkedin.com/in/christophergolda/
BackType,Summer 2008,BackType was an analytics company acquired by Twitter in 2011,Mike Montano,https://www.linkedin.com/in/mikemontano
Precognate,Summer 2008,,Michael Parkatti,https://linkedin.com/in/mparkatti
Youlicit,Summer 2008,,Nihaar Gupta,https://linkedin.com/in/nihaargupta
Youlicit,Summer 2008,,Omar Radi,https://www.linkedin.com/in/omar-radi-464a314b
Youlicit,Summer 2008,,Asif Rahman,https://www.linkedin.com/in/asif-rahman-a135103
Team Apart,Summer 2008,,Gordon Hempton,https://www.linkedin.com/in/ghempton/
Team Apart,Summer 2008,,Wes Hather,https://www.linkedin.com/in/whather/
Team Apart,Summer 2008,,Michael Hoisie,https://www.linkedin.com/in/hoisie
Claimspotting,Summer 2008,Claim and conquer your city,Constantin Hofstetter,https://www.linkedin.com/in/constantin-hofstetter
Claimspotting,Summer 2008,Claim and conquer your city,Florian Hufsky,https://linkedin.com/in/oneup
Ticket Stumbler,Summer 2008,,Tom Davis,https://www.linkedin.com/in/tdavis
Snipd,Summer 2008,,,
Popcuts,Summer 2008,Popcuts is an online music store where fans participate in the…,Kevin Mateo Lim,https://www.linkedin.com/in/kevin-mateo-lim
People & Pages,Summer 2008,,Adam Shaw,https://www.linkedin.com/in/adam-shaw-94760a53
PlayReader,Summer 2008,,Karn Ratana,https://www.linkedin.com/in/karn-ratana/
Treehouse,Summer 2008,,Daniel Rhodes,https://linkedin.com/in/danielrhodes
Slinkset,Summer 2008,Votable lists,Brett Gibson,https://www.linkedin.com/in/brettdgibson/
Slinkset,Summer 2008,Votable lists,John Baunach,https://linkedin.com/in/jbaunach
Trigger,Winter 2008,Better PhoneGap.,Patrick Buckley,https://www.linkedin.com/in/patrickreganbuckley
Trigger,Winter 2008,Better PhoneGap.,Amir Nathoo,https://www.linkedin.com/in/amirnathoo
RescueTime,Winter 2008,Take Back Control of your Time,Brian Fioca,https://www.linkedin.com/in/brianfioca/
A Thinking Ape,Winter 2008,We build communities through massively multiplayer mobile games,Kenshi Arasaki,https://www.linkedin.com/in/kenshiarasaki/
A Thinking Ape,Winter 2008,We build communities through massively multiplayer mobile games,Eric Diep,https://linkedin.com/in/dieperic
Ninite,Winter 2008,Simple third-party app patching and deployment for Windows.,,
Machine Zone,Winter 2008,Pioneers of mobile social gaming.,Mike Sherrill,https://www.linkedin.com/in/mikesherrill
MightyQuiz,Winter 2008,,Altay Guvench,https://www.linkedin.com/in/altay/
MightyQuiz,Winter 2008,,Ben Silbermann,https://www.linkedin.com/in/silbermann/
MightyQuiz,Winter 2008,,Olgun Guvench,https://www.linkedin.com/in/oguvench
FathomDB,Winter 2008,,Mark Kinsey,https://www.linkedin.com/in/markkinsey/
FathomDB,Winter 2008,,Alicia Collins,https://www.linkedin.com/in/eleonorasharef
Omnisio,Winter 2008,Edit and enhance online video. Acquired by Google in July 2008.,Julian Frumar,http://www.linkedin.com/in/jfrumar/
Heroku,Winter 2008,Enabling developers to build and run applications in the cloud.,James Lindenbaum,https://www.linkedin.com/in/jameslindenbaum
Heroku,Winter 2008,Enabling developers to build and run applications in the cloud.,Adam Wiggins,https://www.linkedin.com/in/adam-wiggins-a7623845
280 North,Winter 2008,,Ross Boucher,https://www.linkedin.com/in/jason-konrad
280 North,Winter 2008,,Francisco Tolmasky,https://www.linkedin.com/in/tolmasky
Wundrbar,Winter 2008,,Andrew Dudley,https://www.linkedin.com/in/andrewddudley
Socialbrowse,Winter 2008,,Zachary Garbow,https://www.linkedin.com/in/garbowza/
Mixwit,Winter 2008,Online mixtape service (create and share mixtapes). Launched as part…,Radley Marx,https://www.linkedin.com/in/radleymarx
Tipjoy,Winter 2008,social micropayments,Ivan Kirigin,http://www.linkedin.com/in/kirigin/
Tipjoy,Winter 2008,social micropayments,Abigail Kirigin,https://www.linkedin.com/in/abbykirigin
Kirkland North,Winter 2008,,Andrew Fong,https://www.linkedin.com/in/fongandrew
Kirkland North,Winter 2008,,Matthew O'Brien,https://www.linkedin.com/in/matthew-o-brien-0772488
Deluux,Winter 2008,,Philipp Pfeiffenberger,https://www.linkedin.com/in/philipp-pfeiffenberger-913b9bb2
YumDots,Winter 2008,,Mark Rosetta,https://linkedin.com/in/mark-rosetta-484071267
Snaptalent,Winter 2008,,Sumon Sadhu,https://www.linkedin.com/in/sumonsadhu/
Insoshi,Winter 2008,,Michael Hartl,https://www.linkedin.com/in/michaeldhartl/
Insoshi,Winter 2008,,Long Nguyen,https://www.linkedin.com/in/long-nguyen-3257b3b/
Joberator,Winter 2008,,Jorge Ortiz,https://linkedin.com/in/jorgeo
BitSample,Winter 2008,,,
Songkick,Summer 2007,,Ian Hogarth,https://www.linkedin.com/in/ianhogarth
Songkick,Summer 2007,,Pete Finlay,https://linkedin.com/in/petesmithy
Songkick,Summer 2007,,Michelle You,https://www.linkedin.com/in/michelleyou
Dropbox,Summer 2007,Backup and share files in the cloud.,Drew Houston,https://www.linkedin.com/in/drewhouston/
Dropbox,Summer 2007,Backup and share files in the cloud.,Arash Ferdowsi,https://www.linkedin.com/in/arashferdowsi/
Blue Frog Gaming,Summer 2007,,Matt Maroon,https://www.linkedin.com/in/matthewmaroon
Disqus,Summer 2007,Add comments to your website.,Daniel Ha,http://linkedin.com/in/danielha
Disqus,Summer 2007,Add comments to your website.,Jason Yan,https://www.linkedin.com/in/jasonyan
Bountii,Summer 2007,,Samir Meghani,https://www.linkedin.com/in/samirmeghani
Bountii,Summer 2007,,John Puskarich,https://www.linkedin.com/in/johnpuskarich
Hello Chair,Summer 2007,,Kevin Corcoran,https://www.linkedin.com/in/kecorcoran
Hello Chair,Summer 2007,,Michael Jacobs,https://www.linkedin.com/in/michael-n-jacobs
iJigg/Top440,Summer 2007,,Bilal Farooqui,https://www.linkedin.com/in/bilal-farooqui
iJigg/Top440,Summer 2007,,Shadab Farooqui,https://www.linkedin.com/in/shadabf
iJigg/Top440,Summer 2007,,Zaid Farooqui,https://www.linkedin.com/in/zaidfarooqui
Splashup,Summer 2007,,Dave Brushinski,https://linkedin.com/in/david-brushinski-5515b7143
ContestMachine,Summer 2007,Roll your own contest or giveaway.  No longer in business.,Savraj Singh,http://linkedin.com/in/savraj
ContestMachine,Summer 2007,Roll your own contest or giveaway.  No longer in business.,Lee Linden,https://www.linkedin.com/in/lclinden/
ZumoDrive,Summer 2007,Media in the cloud,David Zhao,https://linkedin.com/in/davidzhao
ZumoDrive,Summer 2007,Media in the cloud,Kevin West,https://www.linkedin.com/in/kevin-west-aa2a2311
SocialPicks,Summer 2007,SocialPicks was a platform where stock investors could exchange…,Weiting Liu,https://www.linkedin.com/in/weitingliu/
Clickpass,Summer 2007,,,
Appjet,Summer 2007,,David Greenspan,https://www.linkedin.com/in/david-greenspan-b7b2b21b2
Anywhere.FM,Summer 2007,,Sachin Rekhi,https://www.linkedin.com/in/sachinrekhi
Anywhere.FM,Summer 2007,,Lux Chen,https://www.linkedin.com/in/luxiouchen
Reble,Summer 2007,P2P Music Sharing,Nick Meyer,https://www.linkedin.com/in/nicholasmeyer
Meetyu,Summer 2007,,,
Fuzzwich,Summer 2007,,Devin Hunt,https://www.linkedin.com/in/devinhunt/
Eivod,Summer 2007,,Joe Damato,https://www.linkedin.com/in/joe-damato-683b053/
Eivod,Summer 2007,,Wei An Wang,https://linkedin.com/in/weian
Eivod,Summer 2007,,Bob Dimaggio,https://www.linkedin.com/in/robertdimaggio
Biographicon,Summer 2007,,Ethan Herdrick,https://linkedin.com/in/herdrick
Biographicon,Summer 2007,,Daniel Terhorst,https://www.linkedin.com/in/danielterhorstnorth
Virtualmin,Winter 2007,,Jamie Cameron,https://www.linkedin.com/in/jamiecameron2
Weebly,Winter 2007,Build a free website that grows with your business.,David Rusenko,https://www.linkedin.com/in/drusenko
Weebly,Winter 2007,Build a free website that grows with your business.,Chris Fanini,https://www.linkedin.com/in/chrisfanini/
Tsumobi,Winter 2007,Messaging.,Joshua Wilson,https://www.linkedin.com/in/makanikai/
Tsumobi,Winter 2007,Messaging.,Adam Bouhenguel,https://www.linkedin.com/in/adam-bouhenguel-a587951
Octopart,Winter 2007,Octopart is a search engine for electronic components,Sam Wurzel,https://www.linkedin.com/in/sam-wurzel/
Octopart,Winter 2007,Octopart is a search engine for electronic components,Harish Agarwal,https://www.linkedin.com/in/harish-p-agarwal/
Octopart,Winter 2007,Octopart is a search engine for electronic components,Andres Morey,https://www.linkedin.com/in/andres-morey-7227203
Buxfer,Winter 2007,Buxfer helps you make better spending decisions by making it easy to…,Amit Manjhi,https://www.linkedin.com/in/amitmanjhi/
Buxfer,Winter 2007,Buxfer helps you make better spending decisions by making it easy to…,Shashank Pandit,https://www.linkedin.com/in/shashankpandit
Zenter,Winter 2007,Zenter is the gmail of slides,Wayne Crosby,https://www.linkedin.com/in/wcrosby/
Zenter,Winter 2007,Zenter is the gmail of slides,Robby Walker,https://www.linkedin.com/in/robbywalker
Zenter,Winter 2007,Zenter is the gmail of slides,Batch: Winter,https://www.linkedin.com/in/wcrosby/
Auctomatic,Winter 2007,,Harj Taggar,https://linkedin.com/in/harjtaggar
Auctomatic,Winter 2007,,Kulveer Taggar,https://www.linkedin.com/in/kulveer/
Auctomatic,Winter 2007,,Patrick Collison,https://www.linkedin.com/in/patrickcollison/
WriteWith,Winter 2007,,Phil Kast,https://www.linkedin.com/in/phillip-kast-2821833/
Whitenoise,Winter 2007,,,
View3,Winter 2007,,Ashutosh Saxena,https://www.linkedin.com/in/saxenaashutosh
View3,Winter 2007,,Jeff Michels,https://www.linkedin.com/in/jeffmichels
Socialmoth,Winter 2007,,,
Heysan,Winter 2007,Free messaging on mobile phones,Gustaf Alstromer,https://www.linkedin.com/in/gustafalstromer/
Heysan,Winter 2007,Free messaging on mobile phones,Marie Brattberg,https://www.linkedin.com/in/mariebrattberg/
Heysan,Winter 2007,Free messaging on mobile phones,Pär Lindhe,https://www.linkedin.com/in/parlindhe
Heysan,Winter 2007,Free messaging on mobile phones,Parham Michael Ossareh,https://www.linkedin.com/in/ossareh/
Xobni,Summer 2006,,Matt Brezina,https://linkedin.com/in/brezina
Scribd,Summer 2006,World's largest online library.,Jared Friedman,https://linkedin.com/in/jaredfriedman
OMGPop,Summer 2006,An independent flash game studio.,Charles Forman,https://www.linkedin.com/in/iminlikewithyou/
Jamglue,Summer 2006,,Gautam Jayaraman,https://www.linkedin.com/in/gautamj/
Jamglue,Summer 2006,,Casey Muller,https://www.linkedin.com/in/caseymrm
Jamglue,Summer 2006,,Divya Bhat,https://www.linkedin.com/in/divyab/
Jamglue,Summer 2006,,Matt Rubens,https://www.linkedin.com/in/mattrubens/
Thinkature,Summer 2006,,Drew Harry,https://www.linkedin.com/in/drewharry
Talkito,Summer 2006,,,
Shoutfit,Summer 2006,,Chris Smoak,https://www.linkedin.com/in/chrissmoak
Pollground,Summer 2006,Online polls.,Fred Zhang,https://linkedin.com/in/fan1zhang
Zanbazaar,Summer 2006,Community-curated catalogs for product recommendations,Brendan Doms,https://www.linkedin.com/in/brendandoms
Zanbazaar,Summer 2006,Community-curated catalogs for product recommendations,Sean McBride,https://www.linkedin.com/in/smcbride
Likebetter,Summer 2006,,Sol Kennedy,https://linkedin.com/in/solkennedy
Jumpchat,Summer 2006,,,
Inkling,Winter 2006,,Adam Siegel,https://www.linkedin.com/in/adsiegel/
Clustrix,Winter 2006,,Sergei Tsarev,https://www.linkedin.com/in/sergeitsarev/
Snipshot,Winter 2006,We sold Snipshot to Ansa in 2013.,Beau Hartshorne,https://www.linkedin.com/in/beauhartshorne
Snipshot,Winter 2006,We sold Snipshot to Ansa in 2013.,Greg Dingle,https://www.linkedin.com/in/greg-dingle-63425b3
Project Wedding,Winter 2006,,Srini Panguluri,https://www.linkedin.com/in/srinipanguluri
Wufoo,Winter 2006,Online form builder.,,
Flagr,Winter 2006,,Cole Rise,http://linkedin.com/in/colerise
Audiobeta,Winter 2006,,Altay Guvench,https://www.linkedin.com/in/altay/
Audiobeta,Winter 2006,,Ben Silbermann,https://www.linkedin.com/in/silbermann/
Loopt,Summer 2005,,,
TextPayMe,Summer 2005,,Phil Yuen,https://www.linkedin.com/in/philipyuen/
Clickfacts,Summer 2005,,Greg Gurevich,https://www.linkedin.com/in/greggurevich
Clickfacts,Summer 2005,,Mikhail Gurevich,https://www.linkedin.com/in/mikhailgurevich/
Clickfacts,Summer 2005,,Mikhail Ledvich,https://www.linkedin.com/in/mledvich
Simmery,Summer 2005,,,
Memamp,Summer 2005,,Zak Stone,https://www.linkedin.com/in/zstone/
Kiko,Summer 2005,We're the best online calendar solution to ever exist. Period.,Justin Kan,https://www.linkedin.com/in/justinkan
Kiko,Summer 2005,We're the best online calendar solution to ever exist. Period.,Emmett Shear,https://www.linkedin.com/in/emmettshear
Reddit,Summer 2005,The frontpage of the internet.,Steve Huffman,https://www.linkedin.com/in/shuffman56/
Infogami,Summer 2005,,,
Mixed Media Labs,Winter 2010,,,
Twitch,Winter 2007,A global community creating the future of live entertainment.,Emmett Shear,https://www.linkedin.com/in/emmettshear
Twitch,Winter 2007,A global community creating the future of live entertainment.,Justin Kan,https://www.linkedin.com/in/justinkan
Twitch,Winter 2007,A global community creating the future of live entertainment.,Kyle Vogt,https://www.linkedin.com/in/kylevogt/
Parakey,Summer 2005,,,
TomoGuides,Summer 2012,"Mobile travel guides done right.  Personalized, context-aware, and…",Montana Low,https://www.linkedin.com/in/montanalow
Pixate,Summer 2012,Mobile application prototyping. Now part of Google.,Paul Colton,https://www.linkedin.com/in/pcolton
Pixate,Summer 2012,Mobile application prototyping. Now part of Google.,Kevin Lindsey,https://www.linkedin.com/in/kevinlindsey/
Pixate,Summer 2012,Mobile application prototyping. Now part of Google.,Batch: Summer,https://www.linkedin.com/in/pcolton/
Knowmia,Summer 2012,Pandora meets Yelp for K-12 educational videos.  We match each…,Scott Kabat,https://www.linkedin.com/in/scottkabat/
Boosted,Summer 2012,"Simple, fun, and fast electric vehicles.",Sanjay Dastoor,https://linkedin.com/in/dastoor
Boosted,Summer 2012,"Simple, fun, and fast electric vehicles.",Matt Tran,https://www.linkedin.com/in/matthew-tran-12159a18/
Boosted,Summer 2012,"Simple, fun, and fast electric vehicles.",John Ulmen,https://www.linkedin.com/in/john-ulmen-464b8456/
ZeroMailer,Summer 2012,Easy mailing lists,James Harvey,https://www.linkedin.com/in/james-harvey-052a7625/
ZeroMailer,Summer 2012,Easy mailing lists,Yuran Lu,https://www.linkedin.com/in/yuranlu/
Canopy Labs,Summer 2012,Canopy Labs automates customer analytics for small and medium-sized…,Wojciech Gryc,https://linkedin.com/in/wojciechgryc
Canopy Labs,Summer 2012,Canopy Labs automates customer analytics for small and medium-sized…,Jorge Escobedo,https://www.linkedin.com/in/jescob
LeanMarket,Summer 2012,Mobile advertising,Cyrus Lohrasbpour,https://www.linkedin.com/in/cyruslohrasbpour/
Kamcord,Summer 2012,,Adi Rathnam,https://www.linkedin.com/in/adityarathnam
Kamcord,Summer 2012,,Matt Zitzmann,https://www.linkedin.com/in/mattzitzmann/
Kamcord,Summer 2012,,Kevin Wang,https://www.linkedin.com/in/kevinywang/
Statwing,Summer 2012,Dead simple statistical analysis software. Like R or SPSS but easy to…,Greg Laughlin,https://www.linkedin.com/in/greglaughlin
Statwing,Summer 2012,Dead simple statistical analysis software. Like R or SPSS but easy to…,John Le,https://linkedin.com/in/lejohnq
Rainforest,Summer 2012,no-code end-to-end testing that integrates with any CI/CD pipeline,Fred Stevens-Smith,https://www.linkedin.com/in/fredstevenssmith/
Rainforest,Summer 2012,no-code end-to-end testing that integrates with any CI/CD pipeline,Russell Smith,https://linkedin.com/in/russellhowardsmith
Imgfave,Summer 2012,A fun image sharing community.,Gabe Ragland,https://www.linkedin.com/in/gaberagland/
Fullstack Academy,Summer 2012,Pioneer in immersive code education. Acquired by Zovio (NASDAQ: ZVO)…,Nimit Maru,https://www.linkedin.com/in/nimit/
Fullstack Academy,Summer 2012,Pioneer in immersive code education. Acquired by Zovio (NASDAQ: ZVO)…,David Yang,https://www.linkedin.com/in/davidgyang
OmniVirt,Summer 2012,OmniVirt is the leading VR Advertising platform for brands and…,Brad Phaisan,https://linkedin.com/in/brad-phaisan-4291681b
Arc,Summer 2012,aerial videography,Austin Lockwood,https://www.linkedin.com/in/austin-rachlin-lockwood-3339184/
Arc,Summer 2012,aerial videography,Haomiao Huang,https://www.linkedin.com/in/haomiao-huang-87988222
Arc,Summer 2012,aerial videography,Michael Vitus,https://www.linkedin.com/in/michael-vitus-b7a7bb4a
Streem,Summer 2012,Acquired by Box in June 2014. We built: (1) a native win/mac…,Ritik Malhotra,https://www.linkedin.com/in/ritikmalhotra/
Streem,Summer 2012,Acquired by Box in June 2014. We built: (1) a native win/mac…,Tanooj Luthra,https://linkedin.com/in/tanoojluthra
Streem,Summer 2012,Acquired by Box in June 2014. We built: (1) a native win/mac…,Samvit Ramadurgam,http://linkedin.com/in/samvit
Mth Sense,Summer 2012,We're a mobile on-device profiling and ad-serving platform initially…,,
Human Dx,Summer 2012,The Human Diagnosis Project.,Irving Lin,https://www.linkedin.com/in/irvinglin
Testmunk,Summer 2012,Automating mobile app testing.,Martin Poschenrieder,https://www.linkedin.com/in/martinposchenrieder/
HealthSherpa,Summer 2012,Private sector Healthcare.gov. ,Ning Liang,https://linkedin.com/in/ningliang
Framebase,Summer 2012,API for video.,Tyler Menezes,https://www.linkedin.com/in/tylermenezes
Framebase,Summer 2012,API for video.,Paul Cretu,https://www.linkedin.com/in/paulcretu/
Framebase,Summer 2012,API for video.,Vu Tran,https://linkedin.com/in/vu0tran
Framebase,Summer 2012,API for video.,David Tyler,https://linkedin.com/in/david-tyler
Mattermost,Summer 2012,Secure Collaboration for Technical Teams,Ian Tien,https://www.linkedin.com/in/iantien/
Airshared,Summer 2012,TBD,Rosanna Myers,https://www.linkedin.com/in/rosannamyers
Airshared,Summer 2012,TBD,Alex Shkolnik,https://www.linkedin.com/in/alexblessing
Airshared,Summer 2012,TBD,Arjun Vasan,https://linkedin.com/in/arjunvasan
Zentail,Summer 2012,We're making ecommerce simple connecting brands with sales channels,Dan Sugarman,https://www.linkedin.com/in/dansugarman/
Soylent,Summer 2012,"Soylent is a simple, nutritious, and affordable food that possesses…",John Coogan,http://www.linkedin.com/in/jacoogan
Soylent,Summer 2012,"Soylent is a simple, nutritious, and affordable food that possesses…",Kumar Thangudu,http://linkedin.com/in/thangudu
DataNitro,Summer 2012,We speed up Excel.,Ben Lerner,https://www.linkedin.com/in/ben-lerner-21341223/
DataNitro,Summer 2012,We speed up Excel.,Victor Jakubiuk,https://linkedin.com/in/jakubiuk
Clever,Summer 2012,The platform that powers technology in the classroom.,Dan Carroll,https://www.linkedin.com/in/danielcarroll/
Clever,Summer 2012,The platform that powers technology in the classroom.,Rafael Garcia,https://www.linkedin.com/in/rafgarcia/
Vayable,Summer 2012,We're building a marketplace for unique travel experiences (it's…,Jamie Wong,https://www.linkedin.com/in/jamiejwong/
SmartAsset,Summer 2012,Marketplace connecting consumers to financial advisors,Michael Carvin,https://www.linkedin.com/in/michael-carvin-5315692a
FundersClub,Summer 2012,Online VC,Alex Mittal,https://www.linkedin.com/in/alexandermittal/
FundersClub,Summer 2012,Online VC,Boris Silver,https://www.linkedin.com/in/borismsilver/
Grid,Summer 2012,,Josh Leong,https://linkedin.com/in/thejoshleong
Grid,Summer 2012,,Michael Lin,https://www.linkedin.com/in/mikelin101
Eligible,Summer 2012,Insurance Billing APIs for Healthcare Businesses ,,
Crohnology (by Healthy Labs),Summer 2012,We turn Patients into Researchers.,Sean Ahrens,http://linkedin.com/in/seanahrens
Crohnology (by Healthy Labs),Summer 2012,We turn Patients into Researchers.,Will Cole,https://www.linkedin.com/in/thewillcole
BrainTripping,Summer 2012,,,
Markupwand,Summer 2012,Convert Design files to working websites automagically,Rajagopal Natarajan,https://www.linkedin.com/in/rajagopaln
Markupwand,Summer 2012,Convert Design files to working websites automagically,"Peoplebox Tech, Product",https://www.linkedin.com/in/alagu2/
Markupwand,Summer 2012,Convert Design files to working websites automagically,Surendran Mahendran,https://www.linkedin.com/in/surendranm/
Hiptype,Summer 2012,Hiptype is a marketing and analytics platform for eBooks. We can…,James Levy,https://linkedin.com/in/james-a-levy
Hiptype,Summer 2012,Hiptype is a marketing and analytics platform for eBooks. We can…,Sohail Prasad,http://linkedin.com/in/sohailprasad
Kippt,Summer 2012,Kippt is a social bookmarking service,Karri Saarinen,https://www.linkedin.com/in/karrisaarinen/
Easel,Summer 2012,Easel is a visual design tool built for the web. Since the web is…,Matt Colyer,https://www.linkedin.com/in/mattcolyer/
Easel,Summer 2012,Easel is a visual design tool built for the web. Since the web is…,Ben Ogle,https://www.linkedin.com/in/benogle
Hipset,Summer 2012,The best way for artists to release new music and videos.,Bryan Kim,https://www.linkedin.com/in/bryankim/
Hipset,Summer 2012,The best way for artists to release new music and videos.,Mazy Kazerooni,https://www.linkedin.com/in/mazyk
FileStack,Summer 2012,Acquired by Xenon Ventures.We enable website developers to hook into…,Zuiden Founder/Founding,https://www.linkedin.com/in/brettcvz/
FileStack,Summer 2012,Acquired by Xenon Ventures.We enable website developers to hook into…,Liyan David Chang,https://www.linkedin.com/in/liyanchang/
FileStack,Summer 2012,Acquired by Xenon Ventures.We enable website developers to hook into…,Anand Dass,https://linkedin.com/in/ananddass
Collections,Summer 2012,Finder for the Cloud,Jordan Lee,https://linkedin.com/in/jordanglee
Collections,Summer 2012,Finder for the Cloud,Tony Xiao,https://linkedin.com/in/tonyxiao
Dreamforge,Summer 2012,Simple 3d modeling software for 3d printers.,Nemil Dalal,https://www.linkedin.com/in/nemild
Upwave,Summer 2012,Marketing analytics for the world's biggest brand marketers,Chris Kelly,https://www.linkedin.com/in/christopherkelly
Lever,Summer 2012,Talent Acquisition Suite that combines ATS + Talent CRM,Nate Smith,https://www.linkedin.com/in/nateps/
Lever,Summer 2012,Talent Acquisition Suite that combines ATS + Talent CRM,Sarah Nahm,https://www.linkedin.com/in/sarahnahm
Lever,Summer 2012,Talent Acquisition Suite that combines ATS + Talent CRM,Brian Noguchi,https://linkedin.com/in/briannoguchi
ReelSurfer,Summer 2012,Clip and share any video from any website.,Neil Joglekar,https://www.linkedin.com/in/neiljoglekar
ReelSurfer,Summer 2012,Clip and share any video from any website.,Christian Yang,https://www.linkedin.com/in/yang-christian
Keychain Logistics,Summer 2012,Software that connects the supply side of companies that ship product…,Bryan Beshore,https://www.linkedin.com/in/bryanbeshore/
Keychain Logistics,Summer 2012,Software that connects the supply side of companies that ship product…,Garrett Wilson,https://www.linkedin.com/in/-gwil/
OctaveWealth,Summer 2012,The 401(k) that helps you grow,Rikin Shah,https://linkedin.com/in/rik1shah
BufferBox,Summer 2012,The future of package delivery. We are building a network of…,Mike McCauley,https://www.linkedin.com/in/mccauleymike/
BufferBox,Summer 2012,The future of package delivery. We are building a network of…,Jay Shah,https://linkedin.com/in/jaykshah
BufferBox,Summer 2012,The future of package delivery. We are building a network of…,Aditya Bali,https://www.linkedin.com/in/adityabali/
Natero,Summer 2012,Data-driven customer success platform for B2B SaaS.,Craig Soules,https://www.linkedin.com/in/craigsoules
Natero,Summer 2012,Data-driven customer success platform for B2B SaaS.,Garth Goodson,https://www.linkedin.com/in/garthgoodson/
Profig,Summer 2012,The phone system for businesses. Manage everything from your company…,,
Partnered,Summer 2012,Partnered is a digital platform automating business development…,David Matthews,https://www.linkedin.com/in/j-david-matthews/
Partnered,Summer 2012,Partnered is a digital platform automating business development…,Cullen Wilson,https://www.linkedin.com/in/cullenw/
NewsBlur,Summer 2012,NewsBlur is a personalized news reader ,Samuel Clay,https://www.linkedin.com/in/kathryn-minshew
Coinbase,Summer 2012,"Buy, sell, and manage cryptocurrencies.",Brian Armstrong,https://www.linkedin.com/in/barmstrong/
Submittable,Summer 2012,"The best way to launch, manage and measure social impact programs",John Brownell,https://www.linkedin.com/in/brucetribbensee
Mattermark,Summer 2012,"Big Data Meets Startup Investing

The best tool for tracking and…",Morrill Founder/CEO Took,https://www.linkedin.com/in/daniellemorrill/
Mattermark,Summer 2012,"Big Data Meets Startup Investing

The best tool for tracking and…",Morrill Founder/CEO,https://www.linkedin.com/in/daniellemorrill/
Mattermark,Summer 2012,"Big Data Meets Startup Investing

The best tool for tracking and…",Al Abut,https://www.linkedin.com/in/alabut/
Mattermark,Summer 2012,"Big Data Meets Startup Investing

The best tool for tracking and…",Kevin Morrill,https://www.linkedin.com/in/kmorrill/
Zapier,Summer 2012,The easiest way to automate your work.,Wade Foster,https://www.linkedin.com/in/wadefoster/
Zapier,Summer 2012,The easiest way to automate your work.,Bryan Helmig,https://www.linkedin.com/in/bryanhelmig
Zapier,Summer 2012,The easiest way to automate your work.,Mike Knoop,https://www.linkedin.com/in/mikeknoop
VoiceGem,Summer 2012,Voice messaging platform - Acquired by Palantir in 2013,Arda Kara,https://www.linkedin.com/in/fardakara/
VoiceGem,Summer 2012,Voice messaging platform - Acquired by Palantir in 2013,Alexander Blessing,https://www.linkedin.com/in/alexblessing/
BackerKit,Summer 2012,The only end-to-end crowdfunding platform built for today’s creators,Maxwell Salzberg,https://www.linkedin.com/in/maxwell-salzberg/
BackerKit,Summer 2012,The only end-to-end crowdfunding platform built for today’s creators,Rosanna Yau,https://www.linkedin.com/in/rosannayau/
Benchling,Summer 2012,Unlocking the power of biotech with modern software for modern science,,
Flightfox,Summer 2012,"A platform to plan, book and manage global and group travel.",Todd Sullivan,https://www.linkedin.com/in/todsul/
Flightfox,Summer 2012,"A platform to plan, book and manage global and group travel.",Lauren Sullivan,https://www.linkedin.com/in/lozsul/
Coco Controller,Summer 2012,We're building a tactile gaming controller for mobile phones.,Connor Zwick,http://www.linkedin.com/in/connorzwick
Coco Controller,Summer 2012,We're building a tactile gaming controller for mobile phones.,Colton Gyulay,https://www.linkedin.com/in/cgyulay/
Tastemaker,Summer 2012,Interior design marketplace and online retailer,Esther Park Hallam,http://www.linkedin.com/in/parkesther
GoScale,Summer 2012,Dynamical Scaling Virtual Machines as a Service,Colin Hayhurst,https://www.linkedin.com/in/colinhayhurst/
RegistryLove,Summer 2012,Cross-store wedding registry.,Marika Chen,https://www.linkedin.com/in/sofia-chen
Credictive,Summer 2012,Attribution metatags for online content.,Ela Madej,https://www.linkedin.com/in/elamadej/
Credictive,Summer 2012,Attribution metatags for online content.,Joanna Socha,https://www.linkedin.com/in/joanna-socha-7751276
MicroEval,Summer 2012,Changing the way companies review employee performance with…,Sam O'Keefe,https://linkedin.com/in/samokeefe
MicroEval,Summer 2012,Changing the way companies review employee performance with…,Ernie Park,https://www.linkedin.com/in/ernestipark/
MicroEval,Summer 2012,Changing the way companies review employee performance with…,Ryan Jackson,https://www.linkedin.com/in/ryanwjackson
Everyday.me,Summer 2012,Everyday.me - Record your life.  Store it forever.  ,Yu-Kuan Lin,https://www.linkedin.com/in/yukuan/
Everyday.me,Summer 2012,Everyday.me - Record your life.  Store it forever.  ,Weiting Liu,https://www.linkedin.com/in/weitingliu/
Celery,Summer 2012,Celery is a platform for pre-orders (www.trycelery.com). Accept…,Chris Tsai,https://www.linkedin.com/in/cktsai/
Celery,Summer 2012,Celery is a platform for pre-orders (www.trycelery.com). Accept…,Peter Shih,https://www.linkedin.com/in/ptshih
Celery,Summer 2012,Celery is a platform for pre-orders (www.trycelery.com). Accept…,Brian Nguyen,https://www.linkedin.com/in/bnguyen06/
Virool,Summer 2012,Virool provides native video advertising experience for the biggest…,Alexander Debelov,https://www.linkedin.com/in/techentrepreneur1/
Parallel Universe,Summer 2012,Helping developers scale their applications with ease. ,,
Viacycle,Summer 2012,"viaCycle makes simple, inexpensive bicycle sharing systems that allow…",Sid Doshi,https://www.linkedin.com/in/scdoshi
Viacycle,Summer 2012,"viaCycle makes simple, inexpensive bicycle sharing systems that allow…",Koji Intlekofer,http://www.linkedin.com/in/kojiintlekofer
Assorted Bits,Summer 2012,A mobile calendar for all the fun stuff you do with friends.,Aston Motes,https://www.linkedin.com/in/aston-motes-9a041b2/
Scoutzie,Summer 2012,Scoutzie is a curated community for the best mobile designers. If…,Jaigouk Kim,https://linkedin.com/in/jaigouk/
Scoutzie,Summer 2012,Scoutzie is a curated community for the best mobile designers. If…,Kirill Zubovsky,https://www.linkedin.com/in/kirillzubovsky
Scoutzie,Summer 2012,Scoutzie is a curated community for the best mobile designers. If…,Jennifer Toda,https://www.linkedin.com/in/jennifertoda
Vastrm,Summer 2012,Mass customized active apparel. We are building a full turn key…,Jonathan Tang,https://www.linkedin.com/in/jonathantang/
Double Robotics,Summer 2012,Telepresence robots,David Cann,https://www.linkedin.com/in/davidjcann
Double Robotics,Summer 2012,Telepresence robots,Marc DeVidts,https://www.linkedin.com/in/marcdevidts
Study Edge,Summer 2012,"Middle school to college education through web, mobile, and VR",Ethan Fieldman,https://www.linkedin.com/in/ethanfieldman%20%20
GetGoing,Summer 2012,"We are building a ""transparent opaque"" airfare and hotel booking site…",Alek Strygin,https://www.linkedin.com/in/astrygin/
GetGoing,Summer 2012,"We are building a ""transparent opaque"" airfare and hotel booking site…",Ilya Gluhovsky,https://linkedin.com/in/ilya-gluhovsky
Plivo,Summer 2012,"Voice AI Agents for customer engagement, including WhatsApp, SMS &…",Michael Ricordeau,https://www.linkedin.com/in/michaelricordeau/
Thread,Summer 2012,"Thread makes it incredibly easy to dress well, using stylists and AI",Kieran O'Neill,https://linkedin.com/in/kieranoneill
Light Table/Eve,Summer 2012,"Eve is our way of bringing the power of computation to everyone, not…",Rob Attorri,https://www.linkedin.com/in/attorri
Light Table/Eve,Summer 2012,"Eve is our way of bringing the power of computation to everyone, not…",Chris Granger,https://www.linkedin.com/in/chris-granger-eve
Svbtle,Summer 2012,A publishing platform.,,
Instacart,Summer 2012,Marketplace for grocery delivery and pickup,Apoorva Mehta,https://www.linkedin.com/in/apoorvamehta/
Instacart,Summer 2012,Marketplace for grocery delivery and pickup,Brandon Leonardo,https://www.linkedin.com/in/leonardo/
Instacart,Summer 2012,Marketplace for grocery delivery and pickup,Max Mullen,https://www.linkedin.com/in/maxmullen/
9gag,Summer 2012,Make the world happier.,Ray Chan,https://linkedin.com/in/raychan
9gag,Summer 2012,Make the world happier.,Brian Yu,https://www.linkedin.com/in/barelyanything/
StyleUp,Winter 2013,"StyleUp brings effortless joy to getting dressed with daily,…",Ryan Choi,https://www.linkedin.com/in/ryankicks
CircuitLab,Winter 2013,Online circuit simulator and electronic schematic editor.,Humberto Evans,https://www.linkedin.com/in/humbertoevans
CircuitLab,Winter 2013,Online circuit simulator and electronic schematic editor.,Mike Robbins,https://www.linkedin.com/in/compumike
Screenhero,Winter 2013,"Collaborative Screen Sharing — you each get your own mouse, and…",Jahanzeb Sherwani,https://www.linkedin.com/in/jsherwani/
Screenhero,Winter 2013,"Collaborative Screen Sharing — you each get your own mouse, and…",Vishal Kapur,https://www.linkedin.com/in/vishalkapur4/
Screenhero,Winter 2013,"Collaborative Screen Sharing — you each get your own mouse, and…",Jason DiCioccio,https://www.linkedin.com/in/jdicioccio
Screenhero,Winter 2013,"Collaborative Screen Sharing — you each get your own mouse, and…",Faraz Khan,https://www.linkedin.com/in/faraz-khan-0902721/
Scuba,Winter 2013,Analytics for impatient people.,Ann Johnson,https://www.linkedin.com/in/annstimmlerjohnson
Scuba,Winter 2013,Analytics for impatient people.,Bobby Johnson,https://www.linkedin.com/in/bobby-johnson-2362201a6
Appcubator,Winter 2013,The easiest way to prototype web applications.,Ilter Canberk,https://www.linkedin.com/in/ilter-canberk-85261411a
Appcubator,Winter 2013,The easiest way to prototype web applications.,Karan Sikka,https://www.linkedin.com/in/karansikka
North,Winter 2013,Wearable computing hardware: biosignal gesture recognition,Stephen Lake,https://linkedin.com/in/slake
Swish,Winter 2013,Kickstarter for physical products.  Shop exclusive product launches.,,
PayTango,Winter 2013,Simple invoicing,Umang Patel,https://www.linkedin.com/in/umangp90
VaycayHero,Winter 2013,VaycayHero is a marketplace of professionally managed vacation…,Amitav Chakravartty,https://linkedin.com/in/amitavchakravartty
BuildZoom,Winter 2013,BuildZoom is a better way to remodel. We connect homeowners to the…,David Petersen,https://www.linkedin.com/in/davidcpetersen
Trainzen,Winter 2013,Educational assessments made easy. Eliminating paper-based exams in…,Viktor Takacs,https://www.linkedin.com/in/viktor-takacs-45755388
Padlet,Winter 2013,Papyrus → Parchment → Paper → Padlet,Nitesh Goel,https://www.linkedin.com/in/doodlebug
Fivetran,Winter 2013,The leader in automated data movement,Taylor Brown,https://www.linkedin.com/in/taylorwcbrown
Fivetran,Winter 2013,The leader in automated data movement,George Fraser,https://www.linkedin.com/in/george-fraser-a0219230
GrepData,Winter 2013,Big Data Analytics,Viral Bajaria,https://www.linkedin.com/in/viralbajaria/
Lawdingo,Winter 2013,Lawdingo provides virtual paralegal services to law firms.,Nikhil Nirmel,https://linkedin.com/in/nikhilnirmel
Bitnami,Winter 2013,The App Store for Server Software,Erica Brescia,https://www.linkedin.com/in/ebrescia/
Cheetah,Winter 2013,"Fastest, easiest, and most affordable way for small business owners…",Na'ama Moran,https://www.linkedin.com/in/naamamoran/
Medisas,Winter 2013,Medisas builds workflow & collaboration software for hospitals.,Gautam Sivakumar,https://www.linkedin.com/in/gautamsivakumar/
Etleap,Winter 2013,Etleap is an ETL solution for creating perfect data pipelines. ,Christian Romming,https://www.linkedin.com/in/cromming
RoverRide,Winter 2013,A universal urban transit app. Given all transportation options…,Lev Popov,https://www.linkedin.com/in/levpopov
InfluxData,Winter 2013,The platform for building and operating time series applications.,Paul Dix,https://www.linkedin.com/in/pauldix/
Strikingly,Winter 2013,"The easiest way to create a beautiful, mobile optimized website.",David Haisha Chen,https://www.linkedin.com/in/haishachen
Strikingly,Winter 2013,"The easiest way to create a beautiful, mobile optimized website.",Teng Bao,https://www.linkedin.com/in/tengbao
Strikingly,Winter 2013,"The easiest way to create a beautiful, mobile optimized website.",Dafeng Guo,https://linkedin.com/in/dfguo
Lollipuff,Winter 2013,Online Auctions for Authentic (Women's) Designer Goods,Fei Deyle,https://www.linkedin.com/in/fei-deyle-14152910
RADAR,Winter 2013,RADAR is building technology to completely transform the in-store…,Spencer Hewett,https://www.linkedin.com/in/spencerhewett
Meldium,Winter 2013,Simple password & identity management for teams. Acquired by LogMeIn…,Anton Vaynshtok,https://www.linkedin.com/in/avaynshtok/
BeatDeck,Winter 2013,"Music, Metrics... Meritocracy. 
(Upload Music, Connect your Social…",Josh Mangel,https://www.linkedin.com/in/josh-mangel-16208a101/
Swapbox,Winter 2013,Stop missing deliveries. Ship to Swapbox and pick up at our kiosks.,Neel Murthy,https://www.linkedin.com/in/neelmurthy/
Swapbox,Winter 2013,Stop missing deliveries. Ship to Swapbox and pick up at our kiosks.,Nitin Shantharam,https://www.linkedin.com/in/nitin-shantharam/
Experiment,Winter 2013,crowdfunding platform for science,Denny Luan,https://www.linkedin.com/in/denny-luan-8189b726/
Heap,Winter 2013,Captures user interactions with no code to generate analytics.,Matin Movassate,https://www.linkedin.com/in/matin-movassate-29494723
MedXT,Winter 2013,"Radiology in the cloud.  X-rays, CAT scans, MRI's, and…",Reshma Khilnani,https://www.linkedin.com/in/reshmakhilnani/
SimplyInsured,Winter 2013,We sell health insurance to small businesses 100% online.,Vivek Shah,https://www.linkedin.com/in/vivekajayshah
FlightCar,Winter 2013,"FlightCar is the Airbnb of Car Rentals at Airports.
We allow people…",Rujul Zaparde,https://www.linkedin.com/in/rujulz/
FlightCar,Winter 2013,"FlightCar is the Airbnb of Car Rentals at Airports.
We allow people…",Shri Ganeshram,http://linkedin.com/in/shriganeshram
CrowdMed,Winter 2013,CrowdMed harnesses the wisdom of crowds to solve difficult medical…,Jared Heyman,https://www.linkedin.com/in/jaredheyman/
Wefunder,Winter 2013,We're Robinhood for pre-IPO startups. Everyone can invest $100.,Nick Tommarello,https://www.linkedin.com/in/nicktommarello/
Wefunder,Winter 2013,We're Robinhood for pre-IPO startups. Everyone can invest $100.,Greg Belote,https://www.linkedin.com/in/gregbelote/
Coin,Winter 2013,A mobile wallet that allows you to pay everywhere credit cards are…,Kanishk Parashar,https://linkedin.com/in/diamondk
Coin,Winter 2013,A mobile wallet that allows you to pay everywhere credit cards are…,Karthik Balakrishnan,https://www.linkedin.com/in/kbalakri
Wevorce,Winter 2013,Changing divorce for good by making it a way less horrible experience…,Michelle Crosby,https://www.linkedin.com/in/michelle-crosby-93508a6
Kalibrr,Winter 2013,Kalibrr connects SEAsian talent to your local & global jobs.,Danny Castonguay,https://www.linkedin.com/in/dannycastonguay/
Kalibrr,Winter 2013,Kalibrr connects SEAsian talent to your local & global jobs.,Dexter Ligot-Gordon,https://www.linkedin.com/in/ligotgordon/
Zenefits,Winter 2013,"HR for small businesses: onboarding, payroll and benefits.",Laks Srini,http://www.linkedin.com/in/lakssrini
Goldbelly,Winter 2013,Empowering restaurants and small food makers to ship nationwide.,Joe Ariel,https://www.linkedin.com/in/joeariel
Goldbelly,Winter 2013,Empowering restaurants and small food makers to ship nationwide.,Joel Gillman,https://www.linkedin.com/in/joelgillman/
Goldbelly,Winter 2013,Empowering restaurants and small food makers to ship nationwide.,Trevor Stow,https://www.linkedin.com/in/trevor-stow-6984394
Goldbelly,Winter 2013,Empowering restaurants and small food makers to ship nationwide.,Vanessa Torrivilla,https://www.linkedin.com/in/vanessatorrivilla
Logiblock,Winter 2013,Logiblock engineers electronics and development tools to dramatically…,Kuy Mainwaring,https://www.linkedin.com/in/kuy-mainwaring-1396a76
Logiblock,Winter 2013,Logiblock engineers electronics and development tools to dramatically…,Eugene Yaroslavtsev,https://www.linkedin.com/in/exhaze/
Semantics3,Winter 2013,Data and AI platform for Ecommerce & Cross-Border Logistics,Sivamani Varun,https://www.linkedin.com/in/netvarun
Semantics3,Winter 2013,Data and AI platform for Ecommerce & Cross-Border Logistics,Vinoth Gopi,https://www.linkedin.com/in/vinothgopi
Teespring,Winter 2013,IMPORTANT: The original YC founders are no longer involved with this…,Walker Williams,https://www.linkedin.com/in/wiwillia
Teespring,Winter 2013,IMPORTANT: The original YC founders are no longer involved with this…,Evan Stites Clayton,https://www.linkedin.com/in/evan-stites-clayton-65761673
Teespring,Winter 2013,IMPORTANT: The original YC founders are no longer involved with this…,About Teespring,
Airware,Winter 2013,Airware provides end-to-end solutions that enable enterprises to…,Jonathan Downey,https://www.linkedin.com/in/jbdowney83/
Airware,Winter 2013,Airware provides end-to-end solutions that enable enterprises to…,Brad Schiller,http://www.linkedin.com/in/bradwschiller
Posmetrics,Winter 2013,Ultra-short feedback surveys on tablets mounted in businesses. Higher…,Merrill Lutsky,https://www.linkedin.com/in/merrill-lutsky/
Posmetrics,Winter 2013,Ultra-short feedback surveys on tablets mounted in businesses. Higher…,Erik Schluntz,https://www.linkedin.com/in/erik-schluntz-530a9053/
Prophecy Sciences,Winter 2013,Predicting workplace performance through neuroscience,Bob Schafer,https://www.linkedin.com/in/bob-schafer-4171554
